Workbook
Name Austragungsort: Allgemeines!$B$2
Name date: Allgemeines!$B$4
Name Datum: Allgemeines!$B$4
Name Gruppe: Allgemeines!$B$1
Name Ort: Allgemeines!$B$3
Name Team1: Allgemeines!$B$7
Name Team2: Allgemeines!$B$8
Name Team3: Allgemeines!$B$9
Name Team4: Allgemeines!$B$10
Name Team5: Allgemeines!$B$11
Name Team6: Allgemeines!$B$12

Sheet Allgemeines
A1: Gruppe | B1: II | D1: Gruppenkoordinator:in | G1: von | H1: bis
A2: Austragungsort | B2: Sporthalle Berlin | D2: George Washington | F2: 1.Begegnung | G2: 0.375 | H2: =G2+1.5/24 -> 0.4375
A3: Ort | B3: Hamburg | F3: 2.Begegnung | G3: =H2 -> 0.4375 | H3: =G3+1.5/24 -> 0.5
A4: Datum | B4: 46023 | F4: 3.Begegnung | G4: =H3+0.5/24 -> 0.52083333 | H4: =G4+1.5/24 -> 0.58333333
F5: 4.Begegnung | G5: =H4 -> 0.58333333 | H5: =G5+1.5/24 -> 0.64583333
B6: Teamname | D6: Kapitän:in | F6: 5.Begegnung | G6: =H5 -> 0.64583333 | H6: =G6+1.5/24 -> 0.70833333
A7: Team 1 | B7: A-Team | D7: Adele
A8: Team 2 | B8: B-Team | D8: Barack Obama
A9: Team 3 | B9: C-Team | D9: Coco Chanel | G9: Format für die Uhrzeit:
A10: Team 4 | B10: D-Team | D10: Diego Maradona | G10: ##:##
A11: Team 5 | B11: E-Team | D11: Eva Mendes | G11: wo # eine Zahl ist
A12: Team 6 | B12: F-Team | D12: Freddy Mercury

Sheet Setzlisten
A1: Team 1 | B1: =Team1 -> A-Team
C2: Vorname oder Alias | D2: Nachname
A3: =CONCATENATE(Team1," ",B3) -> A-Team 1 | B3: 1 | C3: Albert | D3: Einstein | E3: =IF(C3="","",IF(D3="",C3,CONCATENATE(C3," ",D3))) -> Albert Einstein
A4: =CONCATENATE(Team1," ",B4) -> A-Team 2 | B4: 2 | C4: Angela | D4: Merkel | E4: =IF(C4="","",IF(D4="",C4,CONCATENATE(C4," ",D4))) -> Angela Merkel
A5: =CONCATENATE(Team1," ",B5) -> A-Team 3 | B5: 3 | C5: Adele | E5: =IF(C5="","",IF(D5="",C5,CONCATENATE(C5," ",D5))) -> Adele
A6: =CONCATENATE(Team1," ",B6) -> A-Team 4 | B6: 4 | C6: Arnold Schwarzenegger | E6: =IF(C6="","",IF(D6="",C6,CONCATENATE(C6," ",D6))) -> Arnold Schwarzenegger
A7: =CONCATENATE(Team1," ",B7) -> A-Team 5 | B7: 5 | C7: Alexander | D7: Graham Bell | E7: =IF(C7="","",IF(D7="",C7,CONCATENATE(C7," ",D7))) -> Alexander Graham Bell
A8: =CONCATENATE(Team1," ",B8) -> A-Team 6 | B8: 6 | C8: Amelia | D8: Earhart | E8: =IF(C8="","",IF(D8="",C8,CONCATENATE(C8," ",D8))) -> Amelia Earhart
A9: =CONCATENATE(Team1," ",B9) -> A-Team 7 | B9: 7 | C9: Anne | D9: Frank | E9: =IF(C9="","",IF(D9="",C9,CONCATENATE(C9," ",D9))) -> Anne Frank
A10: =CONCATENATE(Team1," ",B10) -> A-Team 8 | B10: 8 | C10: Audrey | D10: Hepburn | E10: =IF(C10="","",IF(D10="",C10,CONCATENATE(C10," ",D10))) -> Audrey Hepburn
A11: =CONCATENATE(Team1," ",B11) -> A-Team 9 | B11: 9 | E11: =IF(C11="","",IF(D11="",C11,CONCATENATE(C11," ",D11)))
A12: =CONCATENATE(Team1," ",B12) -> A-Team 10 | B12: 10 | E12: =IF(C12="","",IF(D12="",C12,CONCATENATE(C12," ",D12)))
A13: =CONCATENATE(Team1," ",B13) -> A-Team 11 | B13: 11 | E13: =IF(C13="","",IF(D13="",C13,CONCATENATE(C13," ",D13)))
A14: =CONCATENATE(Team1," ",B14) -> A-Team 12 | B14: 12 | E14: =IF(C14="","",IF(D14="",C14,CONCATENATE(C14," ",D14)))
A15: =CONCATENATE(Team1," ",B15) -> A-Team 13 | B15: 13 | E15: =IF(C15="","",IF(D15="",C15,CONCATENATE(C15," ",D15)))
A16: =CONCATENATE(Team1," ",B16) -> A-Team 14 | B16: 14 | E16: =IF(C16="","",IF(D16="",C16,CONCATENATE(C16," ",D16)))
A17: =CONCATENATE(Team1," ",B17) -> A-Team 15 | B17: 15 | E17: =IF(C17="","",IF(D17="",C17,CONCATENATE(C17," ",D17)))
A19: Team 2 | B19: =Team2 -> B-Team
C20: Vorname oder Alias | D20: Nachname
A21: =CONCATENATE(Team2," ",B21) -> B-Team 1 | B21: 1 | C21: Barack | D21: Obama | E21: =IF(C21="","",IF(D21="",C21,CONCATENATE(C21," ",D21))) -> Barack Obama
A22: =CONCATENATE(Team2," ",B22) -> B-Team 2 | B22: 2 | C22: Beyoncé | E22: =IF(C22="","",IF(D22="",C22,CONCATENATE(C22," ",D22))) -> Beyoncé
A23: =CONCATENATE(Team2," ",B23) -> B-Team 3 | B23: 3 | C23: Brad Pitt | E23: =IF(C23="","",IF(D23="",C23,CONCATENATE(C23," ",D23))) -> Brad Pitt
A24: =CONCATENATE(Team2," ",B24) -> B-Team 4 | B24: 4 | C24: Boris | D24: Becker | E24: =IF(C24="","",IF(D24="",C24,CONCATENATE(C24," ",D24))) -> Boris Becker
A25: =CONCATENATE(Team2," ",B25) -> B-Team 5 | B25: 5 | C25: Bill | D25: Gates | E25: =IF(C25="","",IF(D25="",C25,CONCATENATE(C25," ",D25))) -> Bill Gates
A26: =CONCATENATE(Team2," ",B26) -> B-Team 6 | B26: 6 | C26: Bob | D26: Marley | E26: =IF(C26="","",IF(D26="",C26,CONCATENATE(C26," ",D26))) -> Bob Marley
A27: =CONCATENATE(Team2," ",B27) -> B-Team 7 | B27: 7 | C27: Brigitte | D27: Bardot | E27: =IF(C27="","",IF(D27="",C27,CONCATENATE(C27," ",D27))) -> Brigitte Bardot
A28: =CONCATENATE(Team2," ",B28) -> B-Team 8 | B28: 8 | C28: Bruce | D28: Willis | E28: =IF(C28="","",IF(D28="",C28,CONCATENATE(C28," ",D28))) -> Bruce Willis
A29: =CONCATENATE(Team2," ",B29) -> B-Team 9 | B29: 9 | E29: =IF(C29="","",IF(D29="",C29,CONCATENATE(C29," ",D29)))
A30: =CONCATENATE(Team2," ",B30) -> B-Team 10 | B30: 10 | E30: =IF(C30="","",IF(D30="",C30,CONCATENATE(C30," ",D30)))
A31: =CONCATENATE(Team2," ",B31) -> B-Team 11 | B31: 11 | E31: =IF(C31="","",IF(D31="",C31,CONCATENATE(C31," ",D31)))
A32: =CONCATENATE(Team2," ",B32) -> B-Team 12 | B32: 12 | E32: =IF(C32="","",IF(D32="",C32,CONCATENATE(C32," ",D32)))
A33: =CONCATENATE(Team2," ",B33) -> B-Team 13 | B33: 13 | E33: =IF(C33="","",IF(D33="",C33,CONCATENATE(C33," ",D33)))
A34: =CONCATENATE(Team2," ",B34) -> B-Team 14 | B34: 14 | E34: =IF(C34="","",IF(D34="",C34,CONCATENATE(C34," ",D34)))
A35: =CONCATENATE(Team2," ",B35) -> B-Team 15 | B35: 15 | E35: =IF(C35="","",IF(D35="",C35,CONCATENATE(C35," ",D35)))
A37: Team 3 | B37: =Team3 -> C-Team
C38: Vorname oder Alias | D38: Nachname
A39: =CONCATENATE(Team3," ",B39) -> C-Team 1 | B39: 1 | C39: Christiano | D39: Ronaldo | E39: =IF(C39="","",IF(D39="",C39,CONCATENATE(C39," ",D39))) -> Christiano Ronaldo
A40: =CONCATENATE(Team3," ",B40) -> C-Team 2 | B40: 2 | C40: Celine | D40: Dion | E40: =IF(C40="","",IF(D40="",C40,CONCATENATE(C40," ",D40))) -> Celine Dion
A41: =CONCATENATE(Team3," ",B41) -> C-Team 3 | B41: 3 | C41: Charlie | D41: Chaplin | E41: =IF(C41="","",IF(D41="",C41,CONCATENATE(C41," ",D41))) -> Charlie Chaplin
A42: =CONCATENATE(Team3," ",B42) -> C-Team 4 | B42: 4 | C42: Clint | D42: Eastwood | E42: =IF(C42="","",IF(D42="",C42,CONCATENATE(C42," ",D42))) -> Clint Eastwood
A43: =CONCATENATE(Team3," ",B43) -> C-Team 5 | B43: 5 | C43: Coco Chanel | E43: =IF(C43="","",IF(D43="",C43,CONCATENATE(C43," ",D43))) -> Coco Chanel
A44: =CONCATENATE(Team3," ",B44) -> C-Team 6 | B44: 6 | C44: Christopher | D44: Nolan | E44: =IF(C44="","",IF(D44="",C44,CONCATENATE(C44," ",D44))) -> Christopher Nolan
A45: =CONCATENATE(Team3," ",B45) -> C-Team 7 | B45: 7 | E45: =IF(C45="","",IF(D45="",C45,CONCATENATE(C45," ",D45)))
A46: =CONCATENATE(Team3," ",B46) -> C-Team 8 | B46: 8 | E46: =IF(C46="","",IF(D46="",C46,CONCATENATE(C46," ",D46)))
A47: =CONCATENATE(Team3," ",B47) -> C-Team 9 | B47: 9 | E47: =IF(C47="","",IF(D47="",C47,CONCATENATE(C47," ",D47)))
A48: =CONCATENATE(Team3," ",B48) -> C-Team 10 | B48: 10 | E48: =IF(C48="","",IF(D48="",C48,CONCATENATE(C48," ",D48)))
A49: =CONCATENATE(Team3," ",B49) -> C-Team 11 | B49: 11 | E49: =IF(C49="","",IF(D49="",C49,CONCATENATE(C49," ",D49)))
A50: =CONCATENATE(Team3," ",B50) -> C-Team 12 | B50: 12 | E50: =IF(C50="","",IF(D50="",C50,CONCATENATE(C50," ",D50)))
A51: =CONCATENATE(Team3," ",B51) -> C-Team 13 | B51: 13 | E51: =IF(C51="","",IF(D51="",C51,CONCATENATE(C51," ",D51)))
A52: =CONCATENATE(Team3," ",B52) -> C-Team 14 | B52: 14 | E52: =IF(C52="","",IF(D52="",C52,CONCATENATE(C52," ",D52)))
A53: =CONCATENATE(Team3," ",B53) -> C-Team 15 | B53: 15 | E53: =IF(C53="","",IF(D53="",C53,CONCATENATE(C53," ",D53)))
A55: Team 4 | B55: =Team4 -> D-Team
C56: Vorname oder Alias | D56: Nachname
A57: =CONCATENATE(Team4," ",B57) -> D-Team 1 | B57: 1 | C57: David | D57: Bowie | E57: =IF(C57="","",IF(D57="",C57,CONCATENATE(C57," ",D57))) -> David Bowie
A58: =CONCATENATE(Team4," ",B58) -> D-Team 2 | B58: 2 | C58: Denzel | D58: Washington | E58: =IF(C58="","",IF(D58="",C58,CONCATENATE(C58," ",D58))) -> Denzel Washington
A59: =CONCATENATE(Team4," ",B59) -> D-Team 3 | B59: 3 | C59: Dua | D59: Lipa | E59: =IF(C59="","",IF(D59="",C59,CONCATENATE(C59," ",D59))) -> Dua Lipa
A60: =CONCATENATE(Team4," ",B60) -> D-Team 4 | B60: 4 | C60: Daniel | D60: Craig | E60: =IF(C60="","",IF(D60="",C60,CONCATENATE(C60," ",D60))) -> Daniel Craig
A61: =CONCATENATE(Team4," ",B61) -> D-Team 5 | B61: 5 | C61: Dolly | D61: Parton | E61: =IF(C61="","",IF(D61="",C61,CONCATENATE(C61," ",D61))) -> Dolly Parton
A62: =CONCATENATE(Team4," ",B62) -> D-Team 6 | B62: 6 | C62: Donald | D62: Glover | E62: =IF(C62="","",IF(D62="",C62,CONCATENATE(C62," ",D62))) -> Donald Glover
A63: =CONCATENATE(Team4," ",B63) -> D-Team 7 | B63: 7 | C63: Diego | D63: Maradona | E63: =IF(C63="","",IF(D63="",C63,CONCATENATE(C63," ",D63))) -> Diego Maradona
A64: =CONCATENATE(Team4," ",B64) -> D-Team 8 | B64: 8 | E64: =IF(C64="","",IF(D64="",C64,CONCATENATE(C64," ",D64)))
A65: =CONCATENATE(Team4," ",B65) -> D-Team 9 | B65: 9 | E65: =IF(C65="","",IF(D65="",C65,CONCATENATE(C65," ",D65)))
A66: =CONCATENATE(Team4," ",B66) -> D-Team 10 | B66: 10 | E66: =IF(C66="","",IF(D66="",C66,CONCATENATE(C66," ",D66)))
A67: =CONCATENATE(Team4," ",B67) -> D-Team 11 | B67: 11 | E67: =IF(C67="","",IF(D67="",C67,CONCATENATE(C67," ",D67)))
A68: =CONCATENATE(Team4," ",B68) -> D-Team 12 | B68: 12 | E68: =IF(C68="","",IF(D68="",C68,CONCATENATE(C68," ",D68)))
A69: =CONCATENATE(Team4," ",B69) -> D-Team 13 | B69: 13 | E69: =IF(C69="","",IF(D69="",C69,CONCATENATE(C69," ",D69)))
A70: =CONCATENATE(Team4," ",B70) -> D-Team 14 | B70: 14 | E70: =IF(C70="","",IF(D70="",C70,CONCATENATE(C70," ",D70)))
A71: =CONCATENATE(Team4," ",B71) -> D-Team 15 | B71: 15 | E71: =IF(C71="","",IF(D71="",C71,CONCATENATE(C71," ",D71)))
A73: Team 5 | B73: =Team5 -> E-Team
C74: Vorname oder Alias | D74: Nachname
A75: =CONCATENATE(Team5," ",B75) -> E-Team 1 | B75: 1 | C75: Elton | D75: John | E75: =IF(C75="","",IF(D75="",C75,CONCATENATE(C75," ",D75))) -> Elton John
A76: =CONCATENATE(Team5," ",B76) -> E-Team 2 | B76: 2 | C76: Emma | D76: Watson | E76: =IF(C76="","",IF(D76="",C76,CONCATENATE(C76," ",D76))) -> Emma Watson
A77: =CONCATENATE(Team5," ",B77) -> E-Team 3 | B77: 3 | C77: Eminem | E77: =IF(C77="","",IF(D77="",C77,CONCATENATE(C77," ",D77))) -> Eminem
A78: =CONCATENATE(Team5," ",B78) -> E-Team 4 | B78: 4 | C78: Elvis | D78: Presley | E78: =IF(C78="","",IF(D78="",C78,CONCATENATE(C78," ",D78))) -> Elvis Presley
A79: =CONCATENATE(Team5," ",B79) -> E-Team 5 | B79: 5 | C79: Ed | D79: Sheeran | E79: =IF(C79="","",IF(D79="",C79,CONCATENATE(C79," ",D79))) -> Ed Sheeran
A80: =CONCATENATE(Team5," ",B80) -> E-Team 6 | B80: 6 | C80: Eddie | D80: Murphy | E80: =IF(C80="","",IF(D80="",C80,CONCATENATE(C80," ",D80))) -> Eddie Murphy
A81: =CONCATENATE(Team5," ",B81) -> E-Team 7 | B81: 7 | C81: Ennio | D81: Morricone | E81: =IF(C81="","",IF(D81="",C81,CONCATENATE(C81," ",D81))) -> Ennio Morricone
A82: =CONCATENATE(Team5," ",B82) -> E-Team 8 | B82: 8 | C82: Eva | D82: Mendes | E82: =IF(C82="","",IF(D82="",C82,CONCATENATE(C82," ",D82))) -> Eva Mendes
A83: =CONCATENATE(Team5," ",B83) -> E-Team 9 | B83: 9 | C83: Ellen | D83: DeGeneres | E83: =IF(C83="","",IF(D83="",C83,CONCATENATE(C83," ",D83))) -> Ellen DeGeneres
A84: =CONCATENATE(Team5," ",B84) -> E-Team 10 | B84: 10 | E84: =IF(C84="","",IF(D84="",C84,CONCATENATE(C84," ",D84)))
A85: =CONCATENATE(Team5," ",B85) -> E-Team 11 | B85: 11 | E85: =IF(C85="","",IF(D85="",C85,CONCATENATE(C85," ",D85)))
A86: =CONCATENATE(Team5," ",B86) -> E-Team 12 | B86: 12 | E86: =IF(C86="","",IF(D86="",C86,CONCATENATE(C86," ",D86)))
A87: =CONCATENATE(Team5," ",B87) -> E-Team 13 | B87: 13 | E87: =IF(C87="","",IF(D87="",C87,CONCATENATE(C87," ",D87)))
A88: =CONCATENATE(Team5," ",B88) -> E-Team 14 | B88: 14 | E88: =IF(C88="","",IF(D88="",C88,CONCATENATE(C88," ",D88)))
A89: =CONCATENATE(Team5," ",B89) -> E-Team 15 | B89: 15 | E89: =IF(C89="","",IF(D89="",C89,CONCATENATE(C89," ",D89)))
A91: Team 6 | B91: =Team6 -> F-Team
C92: Vorname oder Alias | D92: Nachname
A93: =CONCATENATE(Team6," ",B93) -> F-Team 1 | B93: 1 | C93: Freddie | D93: Mercury | E93: =IF(C93="","",IF(D93="",C93,CONCATENATE(C93," ",D93))) -> Freddie Mercury
A94: =CONCATENATE(Team6," ",B94) -> F-Team 2 | B94: 2 | C94: Frida | D94: Kahlo | E94: =IF(C94="","",IF(D94="",C94,CONCATENATE(C94," ",D94))) -> Frida Kahlo
A95: =CONCATENATE(Team6," ",B95) -> F-Team 3 | B95: 3 | C95: Frank | D95: Sinatra | E95: =IF(C95="","",IF(D95="",C95,CONCATENATE(C95," ",D95))) -> Frank Sinatra
A96: =CONCATENATE(Team6," ",B96) -> F-Team 4 | B96: 4 | C96: Friedrich | D96: Nietzsche | E96: =IF(C96="","",IF(D96="",C96,CONCATENATE(C96," ",D96))) -> Friedrich Nietzsche
A97: =CONCATENATE(Team6," ",B97) -> F-Team 5 | B97: 5 | C97: Franz | D97: Kafka | E97: =IF(C97="","",IF(D97="",C97,CONCATENATE(C97," ",D97))) -> Franz Kafka
A98: =CONCATENATE(Team6," ",B98) -> F-Team 6 | B98: 6 | C98: Felicitas | D98: Woll | E98: =IF(C98="","",IF(D98="",C98,CONCATENATE(C98," ",D98))) -> Felicitas Woll
A99: =CONCATENATE(Team6," ",B99) -> F-Team 7 | B99: 7 | E99: =IF(C99="","",IF(D99="",C99,CONCATENATE(C99," ",D99)))
A100: =CONCATENATE(Team6," ",B100) -> F-Team 8 | B100: 8 | E100: =IF(C100="","",IF(D100="",C100,CONCATENATE(C100," ",D100)))
A101: =CONCATENATE(Team6," ",B101) -> F-Team 9 | B101: 9 | E101: =IF(C101="","",IF(D101="",C101,CONCATENATE(C101," ",D101)))
A102: =CONCATENATE(Team6," ",B102) -> F-Team 10 | B102: 10 | E102: =IF(C102="","",IF(D102="",C102,CONCATENATE(C102," ",D102)))
A103: =CONCATENATE(Team6," ",B103) -> F-Team 11 | B103: 11 | E103: =IF(C103="","",IF(D103="",C103,CONCATENATE(C103," ",D103)))
A104: =CONCATENATE(Team6," ",B104) -> F-Team 12 | B104: 12 | E104: =IF(C104="","",IF(D104="",C104,CONCATENATE(C104," ",D104)))
A105: =CONCATENATE(Team6," ",B105) -> F-Team 13 | B105: 13 | E105: =IF(C105="","",IF(D105="",C105,CONCATENATE(C105," ",D105)))
...

Sheet 1.Begegnung
A1: Queere Badminton Liga | F1: =IF(V12>V14,CONCATENATE("Achtung! Teamreihenfolge ",D5," nicht richtig! 1. und 2. Doppel tauschen."),IF(V14>V16,CONCATENATE("Achtung! Teamreihenfolge ",D5," nicht richtig! 2. und 3. Doppel tauschen."),IF(AND(V18>=V19,V19>0),CONCATENATE("Achtung! Teamreihenfolge ",D5," nicht richtig! Beide Einzel tauschen."),IF(W12>W14,CONCATENATE("Achtung! Teamreihenfolge ",D7," nicht richtig! 1. und 2. Doppel tauschen."),IF(W14>W16,CONCATENATE("Achtung! Teamreihenfolge ",D7," nicht richtig! 2. und 3. Doppel tauschen."),IF(AND(W18>=W19,W19>0),CONCATENATE("Achtung! Teamreihenfolge ",D7," nicht richtig! Beide Einzel tauschen."),""))))))
A2: Spielberichtsbogen
A3: Match Report Sheet
A5: Heimteam: | L5: Gruppe: | M5: =Gruppe -> II
C6: Home team | L6: Group
A7: Gastteam: | J7: Austragungsort: | M7: =Austragungsort -> Sporthalle Berlin | Y7: Heimteam | AA7: Gastteam | AD7: Text für meinspielplan.de
C8: Guest team | L8: Venue | Y8: 1 | Z8: =VLOOKUP(CONCATENATE($D5," ",Y8),Setzlisten!$A:$E,5,0) -> #N/A | AA8: =VLOOKUP(CONCATENATE($D7," ",Y8),Setzlisten!$A:$E,5,0) -> #N/A | AB8: 1 | AD8: =CONCATENATE(A12,": ",D12," mit ",D13," - ",G12," mit ",G13,", ",I12,":",J12,", ",K12,":",L12,IF(M12="","",CONCATENATE(", ",M12,":",N12)),CHAR(10),A14,": ",D14," mit ",D15," - ",G14," mit ",G15,", ",I14,":",J14,", ",K14,":",L14,IF(M14="","",CONCATENATE(", ",M14,":",N14)),CHAR(10),A16,": ",D16," mit ",D17," - ",G16," mit ",G17,", ",I16,":",J16,", ",K16,":",L16,IF(M16="","",CONCATENATE(", ",M16,":",N16)),CHAR(10),A18,": ",D18," - ",G18,", ",I18,":",J18,", ",K18,":",L18,IF(M18="","",CONCATENATE(", ",M18,":",N18)),CHAR(10),A19,": ",D19," - ",G19,", ",I19,":",J19,", ",K19,":",L19,IF(M19="","",CONCATENATE(", ",M19,":",N19))) -> 1. Doppel 1st Doubles: mit - mit , :, : 2. Doppel 2nd Doubles: mit - mit , :, : 3. Doppel 3rd Doubles: mit - mit , :, : 1. Einzel 1st Singles: - , :, : 2. Einzel 2nd Singles: - , :, :
A9: Beginn: (Start) | C9: RL-Pos. | D9: Heimteam Home team | F9: RL-Pos. | G9: Gastteam Guest team | I9: 1. Satz 1st Game | K9: 2. Satz 2nd Game | M9: 3. Satz 3rd Game | O9: Punkte (Points) | Q9: Sätze (Games) | S9: Spiele (Matches) | V9: RL-Pos. Heim-team | W9: RL-Pos. Gast-team | Y9: 2 | Z9: =VLOOKUP(CONCATENATE($D5," ",Y9),Setzlisten!$A:$E,5,0) -> #N/A | AA9: =VLOOKUP(CONCATENATE($D7," ",Y9),Setzlisten!$A:$E,5,0) -> #N/A | AB9: 2
A10: =Allgemeines!G2 -> 0.375 | O10: Heim Home | P10: Gast Guest | Q10: Heim Home | R10: Gast Guest | S10: Heim Home | T10: Gast Guest | Y10: 3 | Z10: =VLOOKUP(CONCATENATE($D5," ",Y10),Setzlisten!$A:$E,5,0) -> #N/A | AA10: =VLOOKUP(CONCATENATE($D7," ",Y10),Setzlisten!$A:$E,5,0) -> #N/A | AB10: 3
Y11: 4 | Z11: =VLOOKUP(CONCATENATE($D5," ",Y11),Setzlisten!$A:$E,5,0) -> #N/A | AA11: =VLOOKUP(CONCATENATE($D7," ",Y11),Setzlisten!$A:$E,5,0) -> #N/A | AB11: 4
A12: 1. Doppel 1st Doubles | C12: =IF(D12="",0,VLOOKUP(D12,$Z8:$AB22,3,0)) -> 0 | F12: =IF(G12="",0,VLOOKUP(G12,$AA8:$AB22,2,0)) -> 0 | O12: =IF(I12="","",SUM(I12,K12,M12)) | P12: =IF(J12="","",SUM(J12,L12,N12)) | Q12: =IF(I12="","",IF(I12>J12,1,0)+IF(K12>L12,1,0)+IF(M12="",0,IF(M12>N12,1,0))) | R12: =IF(I12="","",IF(J12>I12,1,0)+IF(L12>K12,1,0)+IF(M12="",0,IF(N12>M12,1,0))) | S12: =IF(I12="","",IF(Q12>R12,1,0)) | T12: =IF(I12="","",IF(R12>Q12,1,0)) | V12: =C12+C13 -> 0 | W12: =F12+F13 -> 0 | Y12: 5 | Z12: =VLOOKUP(CONCATENATE($D5," ",Y12),Setzlisten!$A:$E,5,0) -> #N/A | AA12: =VLOOKUP(CONCATENATE($D7," ",Y12),Setzlisten!$A:$E,5,0) -> #N/A | AB12: 5
C13: =IF(D13="",0,VLOOKUP(D13,$Z8:$AB22,3,0)) -> 0 | F13: =IF(G13="",0,VLOOKUP(G13,$AA8:$AB22,2,0)) -> 0 | Y13: 6 | Z13: =VLOOKUP(CONCATENATE($D5," ",Y13),Setzlisten!$A:$E,5,0) -> #N/A | AA13: =VLOOKUP(CONCATENATE($D7," ",Y13),Setzlisten!$A:$E,5,0) -> #N/A | AB13: 6
A14: 2. Doppel 2nd Doubles | C14: =IF(D14="",0,VLOOKUP(D14,$Z8:$AB22,3,0)) -> 0 | F14: =IF(G14="",0,VLOOKUP(G14,$AA8:$AB22,2,0)) -> 0 | O14: =IF(I14="","",SUM(I14,K14,M14)) | P14: =IF(J14="","",SUM(J14,L14,N14)) | Q14: =IF(I14="","",IF(I14>J14,1,0)+IF(K14>L14,1,0)+IF(M14="",0,IF(M14>N14,1,0))) | R14: =IF(I14="","",IF(J14>I14,1,0)+IF(L14>K14,1,0)+IF(M14="",0,IF(N14>M14,1,0))) | S14: =IF(I14="","",IF(Q14>R14,1,0)) | T14: =IF(I14="","",IF(R14>Q14,1,0)) | V14: =C14+C15 -> 0 | W14: =F14+F15 -> 0 | Y14: 7 | Z14: =VLOOKUP(CONCATENATE($D5," ",Y14),Setzlisten!$A:$E,5,0) -> #N/A | AA14: =VLOOKUP(CONCATENATE($D7," ",Y14),Setzlisten!$A:$E,5,0) -> #N/A | AB14: 7 | AD14: ↑ Zelle kopieren ↓ nur "Werte" unten einfügen
C15: =IF(D15="",0,VLOOKUP(D15,$Z8:$AB22,3,0)) -> 0 | F15: =IF(G15="",0,VLOOKUP(G15,$AA8:$AB22,2,0)) -> 0 | Y15: 8 | Z15: =VLOOKUP(CONCATENATE($D5," ",Y15),Setzlisten!$A:$E,5,0) -> #N/A | AA15: =VLOOKUP(CONCATENATE($D7," ",Y15),Setzlisten!$A:$E,5,0) -> #N/A | AB15: 8
A16: 3. Doppel 3rd Doubles | C16: =IF(D16="",0,VLOOKUP(D16,$Z8:$AB22,3,0)) -> 0 | F16: =IF(G16="",0,VLOOKUP(G16,$AA8:$AB22,2,0)) -> 0 | O16: =IF(I16="","",SUM(I16,K16,M16)) | P16: =IF(J16="","",SUM(J16,L16,N16)) | Q16: =IF(I16="","",IF(I16>J16,1,0)+IF(K16>L16,1,0)+IF(M16="",0,IF(M16>N16,1,0))) | R16: =IF(I16="","",IF(J16>I16,1,0)+IF(L16>K16,1,0)+IF(M16="",0,IF(N16>M16,1,0))) | S16: =IF(I16="","",IF(Q16>R16,1,0)) | T16: =IF(I16="","",IF(R16>Q16,1,0)) | V16: =C16+C17 -> 0 | W16: =F16+F17 -> 0 | Y16: 9 | Z16: =VLOOKUP(CONCATENATE($D5," ",Y16),Setzlisten!$A:$E,5,0) -> #N/A | AA16: =VLOOKUP(CONCATENATE($D7," ",Y16),Setzlisten!$A:$E,5,0) -> #N/A | AB16: 9
C17: =IF(D17="",0,VLOOKUP(D17,$Z8:$AB22,3,0)) -> 0 | F17: =IF(G17="",0,VLOOKUP(G17,$AA8:$AB22,2,0)) -> 0 | Y17: 10 | Z17: =VLOOKUP(CONCATENATE($D5," ",Y17),Setzlisten!$A:$E,5,0) -> #N/A | AA17: =VLOOKUP(CONCATENATE($D7," ",Y17),Setzlisten!$A:$E,5,0) -> #N/A | AB17: 10
A18: 1. Einzel 1st Singles | C18: =IF(D18="",0,VLOOKUP(D18,$Z8:$AB22,3,0)) -> 0 | F18: =IF(G18="",0,VLOOKUP(G18,$AA8:$AB22,2,0)) -> 0 | O18: =IF(I18="","",SUM(I18,K18,M18)) | P18: =IF(J18="","",SUM(J18,L18,N18)) | Q18: =IF(I18="","",IF(I18>J18,1,0)+IF(K18>L18,1,0)+IF(M18="",0,IF(M18>N18,1,0))) | R18: =IF(I18="","",IF(J18>I18,1,0)+IF(L18>K18,1,0)+IF(M18="",0,IF(N18>M18,1,0))) | S18: =IF(I18="","",IF(Q18>R18,1,0)) | T18: =IF(I18="","",IF(R18>Q18,1,0)) | V18: =C18 -> 0 | W18: =F18 -> 0 | Y18: 11 | Z18: =VLOOKUP(CONCATENATE($D5," ",Y18),Setzlisten!$A:$E,5,0) -> #N/A | AA18: =VLOOKUP(CONCATENATE($D7," ",Y18),Setzlisten!$A:$E,5,0) -> #N/A | AB18: 11
A19: 2. Einzel 2nd Singles | C19: =IF(D19="",0,VLOOKUP(D19,$Z8:$AB22,3,0)) -> 0 | F19: =IF(G19="",0,VLOOKUP(G19,$AA8:$AB22,2,0)) -> 0 | O19: =IF(I19="","",SUM(I19,K19,M19)) | P19: =IF(J19="","",SUM(J19,L19,N19)) | Q19: =IF(I19="","",IF(I19>J19,1,0)+IF(K19>L19,1,0)+IF(M19="",0,IF(M19>N19,1,0))) | R19: =IF(I19="","",IF(J19>I19,1,0)+IF(L19>K19,1,0)+IF(M19="",0,IF(N19>M19,1,0))) | S19: =IF(I19="","",IF(Q19>R19,1,0)) | T19: =IF(I19="","",IF(R19>Q19,1,0)) | V19: =C19 -> 0 | W19: =F19 -> 0 | Y19: 12 | Z19: =VLOOKUP(CONCATENATE($D5," ",Y19),Setzlisten!$A:$E,5,0) -> #N/A | AA19: =VLOOKUP(CONCATENATE($D7," ",Y19),Setzlisten!$A:$E,5,0) -> #N/A | AB19: 12
Y20: 13 | Z20: =VLOOKUP(CONCATENATE($D5," ",Y20),Setzlisten!$A:$E,5,0) -> #N/A | AA20: =VLOOKUP(CONCATENATE($D7," ",Y20),Setzlisten!$A:$E,5,0) -> #N/A | AB20: 13
A21: Ende (End): | C21: Sieger: Winner | E21: =IF(S21="","",IF(S21>T21,D5,D7)) | I21: Ergebnis: Result | O21: =IF(O12="","",SUM(O12:O19)) | P21: =IF(P12="","",SUM(P12:P19)) | Q21: =IF(Q12="","",SUM(Q12:Q19)) | R21: =IF(R12="","",SUM(R12:R19)) | S21: =IF(S12="","",SUM(S12:S19)) | T21: =IF(T12="","",SUM(T12:T19)) | Y21: 14 | Z21: =VLOOKUP(CONCATENATE($D5," ",Y21),Setzlisten!$A:$E,5,0) -> #N/A | AA21: =VLOOKUP(CONCATENATE($D7," ",Y21),Setzlisten!$A:$E,5,0) -> #N/A | AB21: 14
A22: =Allgemeines!H2 -> 0.4375 | Y22: 15 | Z22: =VLOOKUP(CONCATENATE($D5," ",Y22),Setzlisten!$A:$E,5,0) -> #N/A | AA22: =VLOOKUP(CONCATENATE($D7," ",Y22),Setzlisten!$A:$E,5,0) -> #N/A | AB22: 15
D24: Besondere Vorkommnisse: Noteworthy Events
A26: Die Richtigkeit der Angaben wird bescheinigt. Das Spiel hat unter Beachtung der Spielordnung stattgefunden. The accuracy of the information is certified. The match took place in accordance with the League and Match Rules.
A27: =Allgemeines!$B$3 -> Hamburg | E27: =Allgemeines!$B$4 -> 46023
A29: Ort (Place) | E29: Datum (Date) | G29: Gruppenkoordinator:in | J29: Kapitän:in Heimverein | P29: Kapitän:in Gastverein
G30: Group Coordinator | J30: Captain Home Club | P30: Captain Guest Club
G31: =Allgemeines!$D$2 -> George Washington | J31: =IF(D5="","",VLOOKUP(D5,Allgemeines!$B$7:$D$12,3,0)) | P31: =IF(D7="","",VLOOKUP(D7,Allgemeines!$B$7:$D$12,3,0))
A32: Queere Badminton Liga | F32: =IF(V43>V45,CONCATENATE("Achtung! Teamreihenfolge ",D36," nicht richtig! 1. und 2. Doppel tauschen."),IF(V45>V47,CONCATENATE("Achtung! Teamreihenfolge ",D36," nicht richtig! 2. und 3. Doppel tauschen."),IF(AND(V49>=V50,V50>0),CONCATENATE("Achtung! Teamreihenfolge ",D36," nicht richtig! Beide Einzel tauschen."),IF(W43>W45,CONCATENATE("Achtung! Teamreihenfolge ",D38," nicht richtig! 1. und 2. Doppel tauschen."),IF(W45>W47,CONCATENATE("Achtung! Teamreihenfolge ",D38," nicht richtig! 2. und 3. Doppel tauschen."),IF(AND(W49>=W50,W50>0),CONCATENATE("Achtung! Teamreihenfolge ",D38," nicht richtig! Beide Einzel tauschen."),""))))))
A33: Spielberichtsbogen
A34: Match Report Sheet
A36: Heimteam: | L36: Gruppe: | M36: =Gruppe -> II
C37: Home team | L37: Group
A38: Gastteam: | J38: Austragungsort: | M38: =Austragungsort -> Sporthalle Berlin | Y38: Heimteam | AA38: Gastteam | AD38: Text für meinspielplan.de
C39: Guest team | L39: Venue | Y39: 1 | Z39: =VLOOKUP(CONCATENATE($D36," ",Y39),Setzlisten!$A:$E,5,0) -> #N/A | AA39: =VLOOKUP(CONCATENATE($D38," ",Y39),Setzlisten!$A:$E,5,0) -> #N/A | AB39: 1 | AD39: =CONCATENATE(A43,": ",D43," mit ",D44," - ",G43," mit ",G44,", ",I43,":",J43,", ",K43,":",L43,IF(M43="","",CONCATENATE(", ",M43,":",N43)),CHAR(10),A45,": ",D45," mit ",D46," - ",G45," mit ",G46,", ",I45,":",J45,", ",K45,":",L45,IF(M45="","",CONCATENATE(", ",M45,":",N45)),CHAR(10),A47,": ",D47," mit ",D48," - ",G47," mit ",G48,", ",I47,":",J47,", ",K47,":",L47,IF(M47="","",CONCATENATE(", ",M47,":",N47)),CHAR(10),A49,": ",D49," - ",G49,", ",I49,":",J49,", ",K49,":",L49,IF(M49="","",CONCATENATE(", ",M49,":",N49)),CHAR(10),A50,": ",D50," - ",G50,", ",I50,":",J50,", ",K50,":",L50,IF(M50="","",CONCATENATE(", ",M50,":",N50))) -> 1. Doppel 1st Doubles: mit - mit , :, : 2. Doppel 2nd Doubles: mit - mit , :, : 3. Doppel 3rd Doubles: mit - mit , :, : 1. Einzel 1st Singles: - , :, : 2. Einzel 2nd Singles: - , :, :
A40: Beginn: (Start) | C40: RL-Pos. | D40: Heimteam Home team | F40: RL-Pos. | G40: Gastteam Guest team | I40: 1. Satz 1st Game | K40: 2. Satz 2nd Game | M40: 3. Satz 3rd Game | O40: Punkte (Points) | Q40: Sätze (Games) | S40: Spiele (Matches) | V40: RL-Pos. Heim-team | W40: RL-Pos. Gast-team | Y40: 2 | Z40: =VLOOKUP(CONCATENATE($D36," ",Y40),Setzlisten!$A:$E,5,0) -> #N/A | AA40: =VLOOKUP(CONCATENATE($D38," ",Y40),Setzlisten!$A:$E,5,0) -> #N/A | AB40: 2
A41: =A10 -> 0.375 | O41: Heim Home | P41: Gast Guest | Q41: Heim Home | R41: Gast Guest | S41: Heim Home | T41: Gast Guest | Y41: 3 | Z41: =VLOOKUP(CONCATENATE($D36," ",Y41),Setzlisten!$A:$E,5,0) -> #N/A | AA41: =VLOOKUP(CONCATENATE($D38," ",Y41),Setzlisten!$A:$E,5,0) -> #N/A | AB41: 3
Y42: 4 | Z42: =VLOOKUP(CONCATENATE($D36," ",Y42),Setzlisten!$A:$E,5,0) -> #N/A | AA42: =VLOOKUP(CONCATENATE($D38," ",Y42),Setzlisten!$A:$E,5,0) -> #N/A | AB42: 4
A43: 1. Doppel 1st Doubles | C43: =IF(D43="",0,VLOOKUP(D43,$Z39:$AB53,3,0)) -> 0 | F43: =IF(G43="",0,VLOOKUP(G43,$AA39:$AB53,2,0)) -> 0 | O43: =IF(I43="","",SUM(I43,K43,M43)) | P43: =IF(J43="","",SUM(J43,L43,N43)) | Q43: =IF(I43="","",IF(I43>J43,1,0)+IF(K43>L43,1,0)+IF(M43="",0,IF(M43>N43,1,0))) | R43: =IF(I43="","",IF(J43>I43,1,0)+IF(L43>K43,1,0)+IF(M43="",0,IF(N43>M43,1,0))) | S43: =IF(I43="","",IF(Q43>R43,1,0)) | T43: =IF(I43="","",IF(R43>Q43,1,0)) | V43: =C43+C44 -> 0 | W43: =F43+F44 -> 0 | Y43: 5 | Z43: =VLOOKUP(CONCATENATE($D36," ",Y43),Setzlisten!$A:$E,5,0) -> #N/A | AA43: =VLOOKUP(CONCATENATE($D38," ",Y43),Setzlisten!$A:$E,5,0) -> #N/A | AB43: 5
C44: =IF(D44="",0,VLOOKUP(D44,$Z39:$AB53,3,0)) -> 0 | F44: =IF(G44="",0,VLOOKUP(G44,$AA39:$AB53,2,0)) -> 0 | Y44: 6 | Z44: =VLOOKUP(CONCATENATE($D36," ",Y44),Setzlisten!$A:$E,5,0) -> #N/A | AA44: =VLOOKUP(CONCATENATE($D38," ",Y44),Setzlisten!$A:$E,5,0) -> #N/A | AB44: 6
A45: 2. Doppel 2nd Doubles | C45: =IF(D45="",0,VLOOKUP(D45,$Z39:$AB53,3,0)) -> 0 | F45: =IF(G45="",0,VLOOKUP(G45,$AA39:$AB53,2,0)) -> 0 | O45: =IF(I45="","",SUM(I45,K45,M45)) | P45: =IF(J45="","",SUM(J45,L45,N45)) | Q45: =IF(I45="","",IF(I45>J45,1,0)+IF(K45>L45,1,0)+IF(M45="",0,IF(M45>N45,1,0))) | R45: =IF(I45="","",IF(J45>I45,1,0)+IF(L45>K45,1,0)+IF(M45="",0,IF(N45>M45,1,0))) | S45: =IF(I45="","",IF(Q45>R45,1,0)) | T45: =IF(I45="","",IF(R45>Q45,1,0)) | V45: =C45+C46 -> 0 | W45: =F45+F46 -> 0 | Y45: 7 | Z45: =VLOOKUP(CONCATENATE($D36," ",Y45),Setzlisten!$A:$E,5,0) -> #N/A | AA45: =VLOOKUP(CONCATENATE($D38," ",Y45),Setzlisten!$A:$E,5,0) -> #N/A | AB45: 7 | AD45: ↑ Zelle kopieren ↓ nur "Werte" unten einfügen
C46: =IF(D46="",0,VLOOKUP(D46,$Z39:$AB53,3,0)) -> 0 | F46: =IF(G46="",0,VLOOKUP(G46,$AA39:$AB53,2,0)) -> 0 | Y46: 8 | Z46: =VLOOKUP(CONCATENATE($D36," ",Y46),Setzlisten!$A:$E,5,0) -> #N/A | AA46: =VLOOKUP(CONCATENATE($D38," ",Y46),Setzlisten!$A:$E,5,0) -> #N/A | AB46: 8
A47: 3. Doppel 3rd Doubles | C47: =IF(D47="",0,VLOOKUP(D47,$Z39:$AB53,3,0)) -> 0 | F47: =IF(G47="",0,VLOOKUP(G47,$AA39:$AB53,2,0)) -> 0 | O47: =IF(I47="","",SUM(I47,K47,M47)) | P47: =IF(J47="","",SUM(J47,L47,N47)) | Q47: =IF(I47="","",IF(I47>J47,1,0)+IF(K47>L47,1,0)+IF(M47="",0,IF(M47>N47,1,0))) | R47: =IF(I47="","",IF(J47>I47,1,0)+IF(L47>K47,1,0)+IF(M47="",0,IF(N47>M47,1,0))) | S47: =IF(I47="","",IF(Q47>R47,1,0)) | T47: =IF(I47="","",IF(R47>Q47,1,0)) | V47: =C47+C48 -> 0 | W47: =F47+F48 -> 0 | Y47: 9 | Z47: =VLOOKUP(CONCATENATE($D36," ",Y47),Setzlisten!$A:$E,5,0) -> #N/A | AA47: =VLOOKUP(CONCATENATE($D38," ",Y47),Setzlisten!$A:$E,5,0) -> #N/A | AB47: 9
C48: =IF(D48="",0,VLOOKUP(D48,$Z39:$AB53,3,0)) -> 0 | F48: =IF(G48="",0,VLOOKUP(G48,$AA39:$AB53,2,0)) -> 0 | Y48: 10 | Z48: =VLOOKUP(CONCATENATE($D36," ",Y48),Setzlisten!$A:$E,5,0) -> #N/A | AA48: =VLOOKUP(CONCATENATE($D38," ",Y48),Setzlisten!$A:$E,5,0) -> #N/A | AB48: 10
A49: 1. Einzel 1st Singles | C49: =IF(D49="",0,VLOOKUP(D49,$Z39:$AB53,3,0)) -> 0 | F49: =IF(G49="",0,VLOOKUP(G49,$AA39:$AB53,2,0)) -> 0 | O49: =IF(I49="","",SUM(I49,K49,M49)) | P49: =IF(J49="","",SUM(J49,L49,N49)) | Q49: =IF(I49="","",IF(I49>J49,1,0)+IF(K49>L49,1,0)+IF(M49="",0,IF(M49>N49,1,0))) | R49: =IF(I49="","",IF(J49>I49,1,0)+IF(L49>K49,1,0)+IF(M49="",0,IF(N49>M49,1,0))) | S49: =IF(I49="","",IF(Q49>R49,1,0)) | T49: =IF(I49="","",IF(R49>Q49,1,0)) | V49: =C49 -> 0 | W49: =F49 -> 0 | Y49: 11 | Z49: =VLOOKUP(CONCATENATE($D36," ",Y49),Setzlisten!$A:$E,5,0) -> #N/A | AA49: =VLOOKUP(CONCATENATE($D38," ",Y49),Setzlisten!$A:$E,5,0) -> #N/A | AB49: 11
A50: 2. Einzel 2nd Singles | C50: =IF(D50="",0,VLOOKUP(D50,$Z39:$AB53,3,0)) -> 0 | F50: =IF(G50="",0,VLOOKUP(G50,$AA39:$AB53,2,0)) -> 0 | O50: =IF(I50="","",SUM(I50,K50,M50)) | P50: =IF(J50="","",SUM(J50,L50,N50)) | Q50: =IF(I50="","",IF(I50>J50,1,0)+IF(K50>L50,1,0)+IF(M50="",0,IF(M50>N50,1,0))) | R50: =IF(I50="","",IF(J50>I50,1,0)+IF(L50>K50,1,0)+IF(M50="",0,IF(N50>M50,1,0))) | S50: =IF(I50="","",IF(Q50>R50,1,0)) | T50: =IF(I50="","",IF(R50>Q50,1,0)) | V50: =C50 -> 0 | W50: =F50 -> 0 | Y50: 12 | Z50: =VLOOKUP(CONCATENATE($D36," ",Y50),Setzlisten!$A:$E,5,0) -> #N/A | AA50: =VLOOKUP(CONCATENATE($D38," ",Y50),Setzlisten!$A:$E,5,0) -> #N/A | AB50: 12
Y51: 13 | Z51: =VLOOKUP(CONCATENATE($D36," ",Y51),Setzlisten!$A:$E,5,0) -> #N/A | AA51: =VLOOKUP(CONCATENATE($D38," ",Y51),Setzlisten!$A:$E,5,0) -> #N/A | AB51: 13
A52: Ende (End): | C52: Sieger: Winner | E52: =IF(S52="","",IF(S52>T52,D36,D38)) | I52: Ergebnis: Result | O52: =IF(O43="","",SUM(O43:O50)) | P52: =IF(P43="","",SUM(P43:P50)) | Q52: =IF(Q43="","",SUM(Q43:Q50)) | R52: =IF(R43="","",SUM(R43:R50)) | S52: =IF(S43="","",SUM(S43:S50)) | T52: =IF(T43="","",SUM(T43:T50)) | Y52: 14 | Z52: =VLOOKUP(CONCATENATE($D36," ",Y52),Setzlisten!$A:$E,5,0) -> #N/A | AA52: =VLOOKUP(CONCATENATE($D38," ",Y52),Setzlisten!$A:$E,5,0) -> #N/A | AB52: 14
A53: =A22 -> 0.4375 | Y53: 15 | Z53: =VLOOKUP(CONCATENATE($D36," ",Y53),Setzlisten!$A:$E,5,0) -> #N/A | AA53: =VLOOKUP(CONCATENATE($D38," ",Y53),Setzlisten!$A:$E,5,0) -> #N/A | AB53: 15
D55: Besondere Vorkommnisse: Noteworthy Events
A57: Die Richtigkeit der Angaben wird bescheinigt. Das Spiel hat unter Beachtung der Spielordnung stattgefunden. The accuracy of the information is certified. The match took place in accordance with the League and Match Rules.
A58: =Allgemeines!$B$3 -> Hamburg | E58: =Allgemeines!$B$4 -> 46023
A60: Ort (Place) | E60: Datum (Date) | G60: Gruppenkoordinator:in | J60: Kapitän:in Heimverein | P60: Kapitän:in Gastverein
G61: Group Coordinator | J61: Captain Home Club | P61: Captain Guest Club
G62: =Allgemeines!$D$2 -> George Washington | J62: =IF(D36="","",VLOOKUP(D36,Allgemeines!$B$7:$D$12,3,0)) | P62: =IF(D38="","",VLOOKUP(D38,Allgemeines!$B$7:$D$12,3,0))
A63: Queere Badminton Liga | F63: =IF(V74>V76,CONCATENATE("Achtung! Teamreihenfolge ",D67," nicht richtig! 1. und 2. Doppel tauschen."),IF(V76>V78,CONCATENATE("Achtung! Teamreihenfolge ",D67," nicht richtig! 2. und 3. Doppel tauschen."),IF(AND(V80>=V81,V81>0),CONCATENATE("Achtung! Teamreihenfolge ",D67," nicht richtig! Beide Einzel tauschen."),IF(W74>W76,CONCATENATE("Achtung! Teamreihenfolge ",D69," nicht richtig! 1. und 2. Doppel tauschen."),IF(W76>W78,CONCATENATE("Achtung! Teamreihenfolge ",D69," nicht richtig! 2. und 3. Doppel tauschen."),IF(AND(W80>=W81,W81>0),CONCATENATE("Achtung! Teamreihenfolge ",D69," nicht richtig! Beide Einzel tauschen."),""))))))
A64: Spielberichtsbogen
A65: Match Report Sheet
A67: Heimteam: | L67: Gruppe: | M67: =Gruppe -> II
C68: Home team | L68: Group
A69: Gastteam: | J69: Austragungsort: | M69: =Austragungsort -> Sporthalle Berlin | Y69: Heimteam | AA69: Gastteam | AD69: Text für meinspielplan.de
C70: Guest team | L70: Venue | Y70: 1 | Z70: =VLOOKUP(CONCATENATE($D67," ",Y70),Setzlisten!$A:$E,5,0) -> #N/A | AA70: =VLOOKUP(CONCATENATE($D69," ",Y70),Setzlisten!$A:$E,5,0) -> #N/A | AB70: 1 | AD70: =CONCATENATE(A74,": ",D74," mit ",D75," - ",G74," mit ",G75,", ",I74,":",J74,", ",K74,":",L74,IF(M74="","",CONCATENATE(", ",M74,":",N74)),CHAR(10),A76,": ",D76," mit ",D77," - ",G76," mit ",G77,", ",I76,":",J76,", ",K76,":",L76,IF(M76="","",CONCATENATE(", ",M76,":",N76)),CHAR(10),A78,": ",D78," mit ",D79," - ",G78," mit ",G79,", ",I78,":",J78,", ",K78,":",L78,IF(M78="","",CONCATENATE(", ",M78,":",N78)),CHAR(10),A80,": ",D80," - ",G80,", ",I80,":",J80,", ",K80,":",L80,IF(M80="","",CONCATENATE(", ",M80,":",N80)),CHAR(10),A81,": ",D81," - ",G81,", ",I81,":",J81,", ",K81,":",L81,IF(M81="","",CONCATENATE(", ",M81,":",N81))) -> 1. Doppel 1st Doubles: mit - mit , :, : 2. Doppel 2nd Doubles: mit - mit , :, : 3. Doppel 3rd Doubles: mit - mit , :, : 1. Einzel 1st Singles: - , :, : 2. Einzel 2nd Singles: - , :, :
A71: Beginn: (Start) | C71: RL-Pos. | D71: Heimteam Home team | F71: RL-Pos. | G71: Gastteam Guest team | I71: 1. Satz 1st Game | K71: 2. Satz 2nd Game | M71: 3. Satz 3rd Game | O71: Punkte (Points) | Q71: Sätze (Games) | S71: Spiele (Matches) | V71: RL-Pos. Heim-team | W71: RL-Pos. Gast-team | Y71: 2 | Z71: =VLOOKUP(CONCATENATE($D67," ",Y71),Setzlisten!$A:$E,5,0) -> #N/A | AA71: =VLOOKUP(CONCATENATE($D69," ",Y71),Setzlisten!$A:$E,5,0) -> #N/A | AB71: 2
A72: =A41 -> 0.375 | O72: Heim Home | P72: Gast Guest | Q72: Heim Home | R72: Gast Guest | S72: Heim Home | T72: Gast Guest | Y72: 3 | Z72: =VLOOKUP(CONCATENATE($D67," ",Y72),Setzlisten!$A:$E,5,0) -> #N/A | AA72: =VLOOKUP(CONCATENATE($D69," ",Y72),Setzlisten!$A:$E,5,0) -> #N/A | AB72: 3
Y73: 4 | Z73: =VLOOKUP(CONCATENATE($D67," ",Y73),Setzlisten!$A:$E,5,0) -> #N/A | AA73: =VLOOKUP(CONCATENATE($D69," ",Y73),Setzlisten!$A:$E,5,0) -> #N/A | AB73: 4
A74: 1. Doppel 1st Doubles | C74: =IF(D74="",0,VLOOKUP(D74,$Z70:$AB84,3,0)) -> 0 | F74: =IF(G74="",0,VLOOKUP(G74,$AA70:$AB84,2,0)) -> 0 | O74: =IF(I74="","",SUM(I74,K74,M74)) | P74: =IF(J74="","",SUM(J74,L74,N74)) | Q74: =IF(I74="","",IF(I74>J74,1,0)+IF(K74>L74,1,0)+IF(M74="",0,IF(M74>N74,1,0))) | R74: =IF(I74="","",IF(J74>I74,1,0)+IF(L74>K74,1,0)+IF(M74="",0,IF(N74>M74,1,0))) | S74: =IF(I74="","",IF(Q74>R74,1,0)) | T74: =IF(I74="","",IF(R74>Q74,1,0)) | V74: =C74+C75 -> 0 | W74: =F74+F75 -> 0 | Y74: 5 | Z74: =VLOOKUP(CONCATENATE($D67," ",Y74),Setzlisten!$A:$E,5,0) -> #N/A | AA74: =VLOOKUP(CONCATENATE($D69," ",Y74),Setzlisten!$A:$E,5,0) -> #N/A | AB74: 5
C75: =IF(D75="",0,VLOOKUP(D75,$Z70:$AB84,3,0)) -> 0 | F75: =IF(G75="",0,VLOOKUP(G75,$AA70:$AB84,2,0)) -> 0 | Y75: 6 | Z75: =VLOOKUP(CONCATENATE($D67," ",Y75),Setzlisten!$A:$E,5,0) -> #N/A | AA75: =VLOOKUP(CONCATENATE($D69," ",Y75),Setzlisten!$A:$E,5,0) -> #N/A | AB75: 6
A76: 2. Doppel 2nd Doubles | C76: =IF(D76="",0,VLOOKUP(D76,$Z70:$AB84,3,0)) -> 0 | F76: =IF(G76="",0,VLOOKUP(G76,$AA70:$AB84,2,0)) -> 0 | O76: =IF(I76="","",SUM(I76,K76,M76)) | P76: =IF(J76="","",SUM(J76,L76,N76)) | Q76: =IF(I76="","",IF(I76>J76,1,0)+IF(K76>L76,1,0)+IF(M76="",0,IF(M76>N76,1,0))) | R76: =IF(I76="","",IF(J76>I76,1,0)+IF(L76>K76,1,0)+IF(M76="",0,IF(N76>M76,1,0))) | S76: =IF(I76="","",IF(Q76>R76,1,0)) | T76: =IF(I76="","",IF(R76>Q76,1,0)) | V76: =C76+C77 -> 0 | W76: =F76+F77 -> 0 | Y76: 7 | Z76: =VLOOKUP(CONCATENATE($D67," ",Y76),Setzlisten!$A:$E,5,0) -> #N/A | AA76: =VLOOKUP(CONCATENATE($D69," ",Y76),Setzlisten!$A:$E,5,0) -> #N/A | AB76: 7 | AD76: ↑ Zelle kopieren ↓ nur "Werte" unten einfügen
C77: =IF(D77="",0,VLOOKUP(D77,$Z70:$AB84,3,0)) -> 0 | F77: =IF(G77="",0,VLOOKUP(G77,$AA70:$AB84,2,0)) -> 0 | Y77: 8 | Z77: =VLOOKUP(CONCATENATE($D67," ",Y77),Setzlisten!$A:$E,5,0) -> #N/A | AA77: =VLOOKUP(CONCATENATE($D69," ",Y77),Setzlisten!$A:$E,5,0) -> #N/A | AB77: 8
A78: 3. Doppel 3rd Doubles | C78: =IF(D78="",0,VLOOKUP(D78,$Z70:$AB84,3,0)) -> 0 | F78: =IF(G78="",0,VLOOKUP(G78,$AA70:$AB84,2,0)) -> 0 | O78: =IF(I78="","",SUM(I78,K78,M78)) | P78: =IF(J78="","",SUM(J78,L78,N78)) | Q78: =IF(I78="","",IF(I78>J78,1,0)+IF(K78>L78,1,0)+IF(M78="",0,IF(M78>N78,1,0))) | R78: =IF(I78="","",IF(J78>I78,1,0)+IF(L78>K78,1,0)+IF(M78="",0,IF(N78>M78,1,0))) | S78: =IF(I78="","",IF(Q78>R78,1,0)) | T78: =IF(I78="","",IF(R78>Q78,1,0)) | V78: =C78+C79 -> 0 | W78: =F78+F79 -> 0 | Y78: 9 | Z78: =VLOOKUP(CONCATENATE($D67," ",Y78),Setzlisten!$A:$E,5,0) -> #N/A | AA78: =VLOOKUP(CONCATENATE($D69," ",Y78),Setzlisten!$A:$E,5,0) -> #N/A | AB78: 9
C79: =IF(D79="",0,VLOOKUP(D79,$Z70:$AB84,3,0)) -> 0 | F79: =IF(G79="",0,VLOOKUP(G79,$AA70:$AB84,2,0)) -> 0 | Y79: 10 | Z79: =VLOOKUP(CONCATENATE($D67," ",Y79),Setzlisten!$A:$E,5,0) -> #N/A | AA79: =VLOOKUP(CONCATENATE($D69," ",Y79),Setzlisten!$A:$E,5,0) -> #N/A | AB79: 10
A80: 1. Einzel 1st Singles | C80: =IF(D80="",0,VLOOKUP(D80,$Z70:$AB84,3,0)) -> 0 | F80: =IF(G80="",0,VLOOKUP(G80,$AA70:$AB84,2,0)) -> 0 | O80: =IF(I80="","",SUM(I80,K80,M80)) | P80: =IF(J80="","",SUM(J80,L80,N80)) | Q80: =IF(I80="","",IF(I80>J80,1,0)+IF(K80>L80,1,0)+IF(M80="",0,IF(M80>N80,1,0))) | R80: =IF(I80="","",IF(J80>I80,1,0)+IF(L80>K80,1,0)+IF(M80="",0,IF(N80>M80,1,0))) | S80: =IF(I80="","",IF(Q80>R80,1,0)) | T80: =IF(I80="","",IF(R80>Q80,1,0)) | V80: =C80 -> 0 | W80: =F80 -> 0 | Y80: 11 | Z80: =VLOOKUP(CONCATENATE($D67," ",Y80),Setzlisten!$A:$E,5,0) -> #N/A | AA80: =VLOOKUP(CONCATENATE($D69," ",Y80),Setzlisten!$A:$E,5,0) -> #N/A | AB80: 11
A81: 2. Einzel 2nd Singles | C81: =IF(D81="",0,VLOOKUP(D81,$Z70:$AB84,3,0)) -> 0 | F81: =IF(G81="",0,VLOOKUP(G81,$AA70:$AB84,2,0)) -> 0 | O81: =IF(I81="","",SUM(I81,K81,M81)) | P81: =IF(J81="","",SUM(J81,L81,N81)) | Q81: =IF(I81="","",IF(I81>J81,1,0)+IF(K81>L81,1,0)+IF(M81="",0,IF(M81>N81,1,0))) | R81: =IF(I81="","",IF(J81>I81,1,0)+IF(L81>K81,1,0)+IF(M81="",0,IF(N81>M81,1,0))) | S81: =IF(I81="","",IF(Q81>R81,1,0)) | T81: =IF(I81="","",IF(R81>Q81,1,0)) | V81: =C81 -> 0 | W81: =F81 -> 0 | Y81: 12 | Z81: =VLOOKUP(CONCATENATE($D67," ",Y81),Setzlisten!$A:$E,5,0) -> #N/A | AA81: =VLOOKUP(CONCATENATE($D69," ",Y81),Setzlisten!$A:$E,5,0) -> #N/A | AB81: 12
Y82: 13 | Z82: =VLOOKUP(CONCATENATE($D67," ",Y82),Setzlisten!$A:$E,5,0) -> #N/A | AA82: =VLOOKUP(CONCATENATE($D69," ",Y82),Setzlisten!$A:$E,5,0) -> #N/A | AB82: 13
A83: Ende (End): | C83: Sieger: Winner | E83: =IF(S83="","",IF(S83>T83,D67,D69)) | I83: Ergebnis: Result | O83: =IF(O74="","",SUM(O74:O81)) | P83: =IF(P74="","",SUM(P74:P81)) | Q83: =IF(Q74="","",SUM(Q74:Q81)) | R83: =IF(R74="","",SUM(R74:R81)) | S83: =IF(S74="","",SUM(S74:S81)) | T83: =IF(T74="","",SUM(T74:T81)) | Y83: 14 | Z83: =VLOOKUP(CONCATENATE($D67," ",Y83),Setzlisten!$A:$E,5,0) -> #N/A | AA83: =VLOOKUP(CONCATENATE($D69," ",Y83),Setzlisten!$A:$E,5,0) -> #N/A | AB83: 14
A84: =A53 -> 0.4375 | Y84: 15 | Z84: =VLOOKUP(CONCATENATE($D67," ",Y84),Setzlisten!$A:$E,5,0) -> #N/A | AA84: =VLOOKUP(CONCATENATE($D69," ",Y84),Setzlisten!$A:$E,5,0) -> #N/A | AB84: 15
D86: Besondere Vorkommnisse: Noteworthy Events
A88: Die Richtigkeit der Angaben wird bescheinigt. Das Spiel hat unter Beachtung der Spielordnung stattgefunden. The accuracy of the information is certified. The match took place in accordance with the League and Match Rules.
A89: =Allgemeines!$B$3 -> Hamburg | E89: =Allgemeines!$B$4 -> 46023
A91: Ort (Place) | E91: Datum (Date) | G91: Gruppenkoordinator:in | J91: Kapitän:in Heimverein | P91: Kapitän:in Gastverein
G92: Group Coordinator | J92: Captain Home Club | P92: Captain Guest Club
G93: =Allgemeines!$D$2 -> George Washington | J93: =IF(D67="","",VLOOKUP(D67,Allgemeines!$B$7:$D$12,3,0)) | P93: =IF(D69="","",VLOOKUP(D69,Allgemeines!$B$7:$D$12,3,0))

Sheet 2.Begegnung
A1: Queere Badminton Liga | F1: =IF(V12>V14,CONCATENATE("Achtung! Teamreihenfolge ",D5," nicht richtig! 1. und 2. Doppel tauschen."),IF(V14>V16,CONCATENATE("Achtung! Teamreihenfolge ",D5," nicht richtig! 2. und 3. Doppel tauschen."),IF(AND(V18>=V19,V19>0),CONCATENATE("Achtung! Teamreihenfolge ",D5," nicht richtig! Beide Einzel tauschen."),IF(W12>W14,CONCATENATE("Achtung! Teamreihenfolge ",D7," nicht richtig! 1. und 2. Doppel tauschen."),IF(W14>W16,CONCATENATE("Achtung! Teamreihenfolge ",D7," nicht richtig! 2. und 3. Doppel tauschen."),IF(AND(W18>=W19,W19>0),CONCATENATE("Achtung! Teamreihenfolge ",D7," nicht richtig! Beide Einzel tauschen."),""))))))
A2: Spielberichtsbogen
A3: Match Report Sheet
A5: Heimteam: | L5: Gruppe: | M5: =Gruppe -> II
C6: Home team | L6: Group
A7: Gastteam: | J7: Austragungsort: | M7: =Austragungsort -> Sporthalle Berlin | Y7: Heimteam | AA7: Gastteam | AD7: Text für meinspielplan.de
C8: Guest team | L8: Venue | Y8: 1 | Z8: =VLOOKUP(CONCATENATE($D5," ",Y8),Setzlisten!$A:$E,5,0) -> #N/A | AA8: =VLOOKUP(CONCATENATE($D7," ",Y8),Setzlisten!$A:$E,5,0) -> #N/A | AB8: 1 | AD8: =CONCATENATE(A12,": ",D12," mit ",D13," - ",G12," mit ",G13,", ",I12,":",J12,", ",K12,":",L12,IF(M12="","",CONCATENATE(", ",M12,":",N12)),CHAR(10),A14,": ",D14," mit ",D15," - ",G14," mit ",G15,", ",I14,":",J14,", ",K14,":",L14,IF(M14="","",CONCATENATE(", ",M14,":",N14)),CHAR(10),A16,": ",D16," mit ",D17," - ",G16," mit ",G17,", ",I16,":",J16,", ",K16,":",L16,IF(M16="","",CONCATENATE(", ",M16,":",N16)),CHAR(10),A18,": ",D18," - ",G18,", ",I18,":",J18,", ",K18,":",L18,IF(M18="","",CONCATENATE(", ",M18,":",N18)),CHAR(10),A19,": ",D19," - ",G19,", ",I19,":",J19,", ",K19,":",L19,IF(M19="","",CONCATENATE(", ",M19,":",N19))) -> 1. Doppel 1st Doubles: mit - mit , :, : 2. Doppel 2nd Doubles: mit - mit , :, : 3. Doppel 3rd Doubles: mit - mit , :, : 1. Einzel 1st Singles: - , :, : 2. Einzel 2nd Singles: - , :, :
A9: Beginn: (Start) | C9: RL-Pos. | D9: Heimteam Home team | F9: RL-Pos. | G9: Gastteam Guest team | I9: 1. Satz 1st Game | K9: 2. Satz 2nd Game | M9: 3. Satz 3rd Game | O9: Punkte (Points) | Q9: Sätze (Games) | S9: Spiele (Matches) | V9: RL-Pos. Heim-team | W9: RL-Pos. Gast-team | Y9: 2 | Z9: =VLOOKUP(CONCATENATE($D5," ",Y9),Setzlisten!$A:$E,5,0) -> #N/A | AA9: =VLOOKUP(CONCATENATE($D7," ",Y9),Setzlisten!$A:$E,5,0) -> #N/A | AB9: 2
A10: =Allgemeines!G3 -> 0.4375 | O10: Heim Home | P10: Gast Guest | Q10: Heim Home | R10: Gast Guest | S10: Heim Home | T10: Gast Guest | Y10: 3 | Z10: =VLOOKUP(CONCATENATE($D5," ",Y10),Setzlisten!$A:$E,5,0) -> #N/A | AA10: =VLOOKUP(CONCATENATE($D7," ",Y10),Setzlisten!$A:$E,5,0) -> #N/A | AB10: 3
Y11: 4 | Z11: =VLOOKUP(CONCATENATE($D5," ",Y11),Setzlisten!$A:$E,5,0) -> #N/A | AA11: =VLOOKUP(CONCATENATE($D7," ",Y11),Setzlisten!$A:$E,5,0) -> #N/A | AB11: 4
A12: 1. Doppel 1st Doubles | C12: =IF(D12="",0,VLOOKUP(D12,$Z8:$AB22,3,0)) -> 0 | F12: =IF(G12="",0,VLOOKUP(G12,$AA8:$AB22,2,0)) -> 0 | O12: =IF(I12="","",SUM(I12,K12,M12)) | P12: =IF(J12="","",SUM(J12,L12,N12)) | Q12: =IF(I12="","",IF(I12>J12,1,0)+IF(K12>L12,1,0)+IF(M12="",0,IF(M12>N12,1,0))) | R12: =IF(I12="","",IF(J12>I12,1,0)+IF(L12>K12,1,0)+IF(M12="",0,IF(N12>M12,1,0))) | S12: =IF(I12="","",IF(Q12>R12,1,0)) | T12: =IF(I12="","",IF(R12>Q12,1,0)) | V12: =C12+C13 -> 0 | W12: =F12+F13 -> 0 | Y12: 5 | Z12: =VLOOKUP(CONCATENATE($D5," ",Y12),Setzlisten!$A:$E,5,0) -> #N/A | AA12: =VLOOKUP(CONCATENATE($D7," ",Y12),Setzlisten!$A:$E,5,0) -> #N/A | AB12: 5
C13: =IF(D13="",0,VLOOKUP(D13,$Z8:$AB22,3,0)) -> 0 | F13: =IF(G13="",0,VLOOKUP(G13,$AA8:$AB22,2,0)) -> 0 | Y13: 6 | Z13: =VLOOKUP(CONCATENATE($D5," ",Y13),Setzlisten!$A:$E,5,0) -> #N/A | AA13: =VLOOKUP(CONCATENATE($D7," ",Y13),Setzlisten!$A:$E,5,0) -> #N/A | AB13: 6
A14: 2. Doppel 2nd Doubles | C14: =IF(D14="",0,VLOOKUP(D14,$Z8:$AB22,3,0)) -> 0 | F14: =IF(G14="",0,VLOOKUP(G14,$AA8:$AB22,2,0)) -> 0 | O14: =IF(I14="","",SUM(I14,K14,M14)) | P14: =IF(J14="","",SUM(J14,L14,N14)) | Q14: =IF(I14="","",IF(I14>J14,1,0)+IF(K14>L14,1,0)+IF(M14="",0,IF(M14>N14,1,0))) | R14: =IF(I14="","",IF(J14>I14,1,0)+IF(L14>K14,1,0)+IF(M14="",0,IF(N14>M14,1,0))) | S14: =IF(I14="","",IF(Q14>R14,1,0)) | T14: =IF(I14="","",IF(R14>Q14,1,0)) | V14: =C14+C15 -> 0 | W14: =F14+F15 -> 0 | Y14: 7 | Z14: =VLOOKUP(CONCATENATE($D5," ",Y14),Setzlisten!$A:$E,5,0) -> #N/A | AA14: =VLOOKUP(CONCATENATE($D7," ",Y14),Setzlisten!$A:$E,5,0) -> #N/A | AB14: 7 | AD14: ↑ Zelle kopieren ↓ nur "Werte" unten einfügen
C15: =IF(D15="",0,VLOOKUP(D15,$Z8:$AB22,3,0)) -> 0 | F15: =IF(G15="",0,VLOOKUP(G15,$AA8:$AB22,2,0)) -> 0 | Y15: 8 | Z15: =VLOOKUP(CONCATENATE($D5," ",Y15),Setzlisten!$A:$E,5,0) -> #N/A | AA15: =VLOOKUP(CONCATENATE($D7," ",Y15),Setzlisten!$A:$E,5,0) -> #N/A | AB15: 8
A16: 3. Doppel 3rd Doubles | C16: =IF(D16="",0,VLOOKUP(D16,$Z8:$AB22,3,0)) -> 0 | F16: =IF(G16="",0,VLOOKUP(G16,$AA8:$AB22,2,0)) -> 0 | O16: =IF(I16="","",SUM(I16,K16,M16)) | P16: =IF(J16="","",SUM(J16,L16,N16)) | Q16: =IF(I16="","",IF(I16>J16,1,0)+IF(K16>L16,1,0)+IF(M16="",0,IF(M16>N16,1,0))) | R16: =IF(I16="","",IF(J16>I16,1,0)+IF(L16>K16,1,0)+IF(M16="",0,IF(N16>M16,1,0))) | S16: =IF(I16="","",IF(Q16>R16,1,0)) | T16: =IF(I16="","",IF(R16>Q16,1,0)) | V16: =C16+C17 -> 0 | W16: =F16+F17 -> 0 | Y16: 9 | Z16: =VLOOKUP(CONCATENATE($D5," ",Y16),Setzlisten!$A:$E,5,0) -> #N/A | AA16: =VLOOKUP(CONCATENATE($D7," ",Y16),Setzlisten!$A:$E,5,0) -> #N/A | AB16: 9
C17: =IF(D17="",0,VLOOKUP(D17,$Z8:$AB22,3,0)) -> 0 | F17: =IF(G17="",0,VLOOKUP(G17,$AA8:$AB22,2,0)) -> 0 | Y17: 10 | Z17: =VLOOKUP(CONCATENATE($D5," ",Y17),Setzlisten!$A:$E,5,0) -> #N/A | AA17: =VLOOKUP(CONCATENATE($D7," ",Y17),Setzlisten!$A:$E,5,0) -> #N/A | AB17: 10
A18: 1. Einzel 1st Singles | C18: =IF(D18="",0,VLOOKUP(D18,$Z8:$AB22,3,0)) -> 0 | F18: =IF(G18="",0,VLOOKUP(G18,$AA8:$AB22,2,0)) -> 0 | O18: =IF(I18="","",SUM(I18,K18,M18)) | P18: =IF(J18="","",SUM(J18,L18,N18)) | Q18: =IF(I18="","",IF(I18>J18,1,0)+IF(K18>L18,1,0)+IF(M18="",0,IF(M18>N18,1,0))) | R18: =IF(I18="","",IF(J18>I18,1,0)+IF(L18>K18,1,0)+IF(M18="",0,IF(N18>M18,1,0))) | S18: =IF(I18="","",IF(Q18>R18,1,0)) | T18: =IF(I18="","",IF(R18>Q18,1,0)) | V18: =C18 -> 0 | W18: =F18 -> 0 | Y18: 11 | Z18: =VLOOKUP(CONCATENATE($D5," ",Y18),Setzlisten!$A:$E,5,0) -> #N/A | AA18: =VLOOKUP(CONCATENATE($D7," ",Y18),Setzlisten!$A:$E,5,0) -> #N/A | AB18: 11
A19: 2. Einzel 2nd Singles | C19: =IF(D19="",0,VLOOKUP(D19,$Z8:$AB22,3,0)) -> 0 | F19: =IF(G19="",0,VLOOKUP(G19,$AA8:$AB22,2,0)) -> 0 | O19: =IF(I19="","",SUM(I19,K19,M19)) | P19: =IF(J19="","",SUM(J19,L19,N19)) | Q19: =IF(I19="","",IF(I19>J19,1,0)+IF(K19>L19,1,0)+IF(M19="",0,IF(M19>N19,1,0))) | R19: =IF(I19="","",IF(J19>I19,1,0)+IF(L19>K19,1,0)+IF(M19="",0,IF(N19>M19,1,0))) | S19: =IF(I19="","",IF(Q19>R19,1,0)) | T19: =IF(I19="","",IF(R19>Q19,1,0)) | V19: =C19 -> 0 | W19: =F19 -> 0 | Y19: 12 | Z19: =VLOOKUP(CONCATENATE($D5," ",Y19),Setzlisten!$A:$E,5,0) -> #N/A | AA19: =VLOOKUP(CONCATENATE($D7," ",Y19),Setzlisten!$A:$E,5,0) -> #N/A | AB19: 12
Y20: 13 | Z20: =VLOOKUP(CONCATENATE($D5," ",Y20),Setzlisten!$A:$E,5,0) -> #N/A | AA20: =VLOOKUP(CONCATENATE($D7," ",Y20),Setzlisten!$A:$E,5,0) -> #N/A | AB20: 13
A21: Ende (End): | C21: Sieger: Winner | E21: =IF(S21="","",IF(S21>T21,D5,D7)) | I21: Ergebnis: Result | O21: =IF(O12="","",SUM(O12:O19)) | P21: =IF(P12="","",SUM(P12:P19)) | Q21: =IF(Q12="","",SUM(Q12:Q19)) | R21: =IF(R12="","",SUM(R12:R19)) | S21: =IF(S12="","",SUM(S12:S19)) | T21: =IF(T12="","",SUM(T12:T19)) | Y21: 14 | Z21: =VLOOKUP(CONCATENATE($D5," ",Y21),Setzlisten!$A:$E,5,0) -> #N/A | AA21: =VLOOKUP(CONCATENATE($D7," ",Y21),Setzlisten!$A:$E,5,0) -> #N/A | AB21: 14
A22: =Allgemeines!H3 -> 0.5 | Y22: 15 | Z22: =VLOOKUP(CONCATENATE($D5," ",Y22),Setzlisten!$A:$E,5,0) -> #N/A | AA22: =VLOOKUP(CONCATENATE($D7," ",Y22),Setzlisten!$A:$E,5,0) -> #N/A | AB22: 15
D24: Besondere Vorkommnisse: Noteworthy Events
A26: Die Richtigkeit der Angaben wird bescheinigt. Das Spiel hat unter Beachtung der Spielordnung stattgefunden. The accuracy of the information is certified. The match took place in accordance with the League and Match Rules.
A27: =Allgemeines!$B$3 -> Hamburg | E27: =Allgemeines!$B$4 -> 46023
A29: Ort (Place) | E29: Datum (Date) | G29: Gruppenkoordinator:in | J29: Kapitän:in Heimverein | P29: Kapitän:in Gastverein
G30: Group Coordinator | J30: Captain Home Club | P30: Captain Guest Club
G31: =Allgemeines!$D$2 -> George Washington | J31: =IF(D5="","",VLOOKUP(D5,Allgemeines!$B$7:$D$12,3,0)) | P31: =IF(D7="","",VLOOKUP(D7,Allgemeines!$B$7:$D$12,3,0))
A32: Queere Badminton Liga | F32: =IF(V43>V45,CONCATENATE("Achtung! Teamreihenfolge ",D36," nicht richtig! 1. und 2. Doppel tauschen."),IF(V45>V47,CONCATENATE("Achtung! Teamreihenfolge ",D36," nicht richtig! 2. und 3. Doppel tauschen."),IF(AND(V49>=V50,V50>0),CONCATENATE("Achtung! Teamreihenfolge ",D36," nicht richtig! Beide Einzel tauschen."),IF(W43>W45,CONCATENATE("Achtung! Teamreihenfolge ",D38," nicht richtig! 1. und 2. Doppel tauschen."),IF(W45>W47,CONCATENATE("Achtung! Teamreihenfolge ",D38," nicht richtig! 2. und 3. Doppel tauschen."),IF(AND(W49>=W50,W50>0),CONCATENATE("Achtung! Teamreihenfolge ",D38," nicht richtig! Beide Einzel tauschen."),""))))))
A33: Spielberichtsbogen
A34: Match Report Sheet
A36: Heimteam: | L36: Gruppe: | M36: =Gruppe -> II
C37: Home team | L37: Group
A38: Gastteam: | J38: Austragungsort: | M38: =Austragungsort -> Sporthalle Berlin | Y38: Heimteam | AA38: Gastteam | AD38: Text für meinspielplan.de
C39: Guest team | L39: Venue | Y39: 1 | Z39: =VLOOKUP(CONCATENATE($D36," ",Y39),Setzlisten!$A:$E,5,0) -> #N/A | AA39: =VLOOKUP(CONCATENATE($D38," ",Y39),Setzlisten!$A:$E,5,0) -> #N/A | AB39: 1 | AD39: =CONCATENATE(A43,": ",D43," mit ",D44," - ",G43," mit ",G44,", ",I43,":",J43,", ",K43,":",L43,IF(M43="","",CONCATENATE(", ",M43,":",N43)),CHAR(10),A45,": ",D45," mit ",D46," - ",G45," mit ",G46,", ",I45,":",J45,", ",K45,":",L45,IF(M45="","",CONCATENATE(", ",M45,":",N45)),CHAR(10),A47,": ",D47," mit ",D48," - ",G47," mit ",G48,", ",I47,":",J47,", ",K47,":",L47,IF(M47="","",CONCATENATE(", ",M47,":",N47)),CHAR(10),A49,": ",D49," - ",G49,", ",I49,":",J49,", ",K49,":",L49,IF(M49="","",CONCATENATE(", ",M49,":",N49)),CHAR(10),A50,": ",D50," - ",G50,", ",I50,":",J50,", ",K50,":",L50,IF(M50="","",CONCATENATE(", ",M50,":",N50))) -> 1. Doppel 1st Doubles: mit - mit , :, : 2. Doppel 2nd Doubles: mit - mit , :, : 3. Doppel 3rd Doubles: mit - mit , :, : 1. Einzel 1st Singles: - , :, : 2. Einzel 2nd Singles: - , :, :
A40: Beginn: (Start) | C40: RL-Pos. | D40: Heimteam Home team | F40: RL-Pos. | G40: Gastteam Guest team | I40: 1. Satz 1st Game | K40: 2. Satz 2nd Game | M40: 3. Satz 3rd Game | O40: Punkte (Points) | Q40: Sätze (Games) | S40: Spiele (Matches) | V40: RL-Pos. Heim-team | W40: RL-Pos. Gast-team | Y40: 2 | Z40: =VLOOKUP(CONCATENATE($D36," ",Y40),Setzlisten!$A:$E,5,0) -> #N/A | AA40: =VLOOKUP(CONCATENATE($D38," ",Y40),Setzlisten!$A:$E,5,0) -> #N/A | AB40: 2
A41: =A10 -> 0.4375 | O41: Heim Home | P41: Gast Guest | Q41: Heim Home | R41: Gast Guest | S41: Heim Home | T41: Gast Guest | Y41: 3 | Z41: =VLOOKUP(CONCATENATE($D36," ",Y41),Setzlisten!$A:$E,5,0) -> #N/A | AA41: =VLOOKUP(CONCATENATE($D38," ",Y41),Setzlisten!$A:$E,5,0) -> #N/A | AB41: 3
Y42: 4 | Z42: =VLOOKUP(CONCATENATE($D36," ",Y42),Setzlisten!$A:$E,5,0) -> #N/A | AA42: =VLOOKUP(CONCATENATE($D38," ",Y42),Setzlisten!$A:$E,5,0) -> #N/A | AB42: 4
A43: 1. Doppel 1st Doubles | C43: =IF(D43="",0,VLOOKUP(D43,$Z39:$AB53,3,0)) -> 0 | F43: =IF(G43="",0,VLOOKUP(G43,$AA39:$AB53,2,0)) -> 0 | O43: =IF(I43="","",SUM(I43,K43,M43)) | P43: =IF(J43="","",SUM(J43,L43,N43)) | Q43: =IF(I43="","",IF(I43>J43,1,0)+IF(K43>L43,1,0)+IF(M43="",0,IF(M43>N43,1,0))) | R43: =IF(I43="","",IF(J43>I43,1,0)+IF(L43>K43,1,0)+IF(M43="",0,IF(N43>M43,1,0))) | S43: =IF(I43="","",IF(Q43>R43,1,0)) | T43: =IF(I43="","",IF(R43>Q43,1,0)) | V43: =C43+C44 -> 0 | W43: =F43+F44 -> 0 | Y43: 5 | Z43: =VLOOKUP(CONCATENATE($D36," ",Y43),Setzlisten!$A:$E,5,0) -> #N/A | AA43: =VLOOKUP(CONCATENATE($D38," ",Y43),Setzlisten!$A:$E,5,0) -> #N/A | AB43: 5
C44: =IF(D44="",0,VLOOKUP(D44,$Z39:$AB53,3,0)) -> 0 | F44: =IF(G44="",0,VLOOKUP(G44,$AA39:$AB53,2,0)) -> 0 | Y44: 6 | Z44: =VLOOKUP(CONCATENATE($D36," ",Y44),Setzlisten!$A:$E,5,0) -> #N/A | AA44: =VLOOKUP(CONCATENATE($D38," ",Y44),Setzlisten!$A:$E,5,0) -> #N/A | AB44: 6
A45: 2. Doppel 2nd Doubles | C45: =IF(D45="",0,VLOOKUP(D45,$Z39:$AB53,3,0)) -> 0 | F45: =IF(G45="",0,VLOOKUP(G45,$AA39:$AB53,2,0)) -> 0 | O45: =IF(I45="","",SUM(I45,K45,M45)) | P45: =IF(J45="","",SUM(J45,L45,N45)) | Q45: =IF(I45="","",IF(I45>J45,1,0)+IF(K45>L45,1,0)+IF(M45="",0,IF(M45>N45,1,0))) | R45: =IF(I45="","",IF(J45>I45,1,0)+IF(L45>K45,1,0)+IF(M45="",0,IF(N45>M45,1,0))) | S45: =IF(I45="","",IF(Q45>R45,1,0)) | T45: =IF(I45="","",IF(R45>Q45,1,0)) | V45: =C45+C46 -> 0 | W45: =F45+F46 -> 0 | Y45: 7 | Z45: =VLOOKUP(CONCATENATE($D36," ",Y45),Setzlisten!$A:$E,5,0) -> #N/A | AA45: =VLOOKUP(CONCATENATE($D38," ",Y45),Setzlisten!$A:$E,5,0) -> #N/A | AB45: 7 | AD45: ↑ Zelle kopieren ↓ nur "Werte" unten einfügen
C46: =IF(D46="",0,VLOOKUP(D46,$Z39:$AB53,3,0)) -> 0 | F46: =IF(G46="",0,VLOOKUP(G46,$AA39:$AB53,2,0)) -> 0 | Y46: 8 | Z46: =VLOOKUP(CONCATENATE($D36," ",Y46),Setzlisten!$A:$E,5,0) -> #N/A | AA46: =VLOOKUP(CONCATENATE($D38," ",Y46),Setzlisten!$A:$E,5,0) -> #N/A | AB46: 8
A47: 3. Doppel 3rd Doubles | C47: =IF(D47="",0,VLOOKUP(D47,$Z39:$AB53,3,0)) -> 0 | F47: =IF(G47="",0,VLOOKUP(G47,$AA39:$AB53,2,0)) -> 0 | O47: =IF(I47="","",SUM(I47,K47,M47)) | P47: =IF(J47="","",SUM(J47,L47,N47)) | Q47: =IF(I47="","",IF(I47>J47,1,0)+IF(K47>L47,1,0)+IF(M47="",0,IF(M47>N47,1,0))) | R47: =IF(I47="","",IF(J47>I47,1,0)+IF(L47>K47,1,0)+IF(M47="",0,IF(N47>M47,1,0))) | S47: =IF(I47="","",IF(Q47>R47,1,0)) | T47: =IF(I47="","",IF(R47>Q47,1,0)) | V47: =C47+C48 -> 0 | W47: =F47+F48 -> 0 | Y47: 9 | Z47: =VLOOKUP(CONCATENATE($D36," ",Y47),Setzlisten!$A:$E,5,0) -> #N/A | AA47: =VLOOKUP(CONCATENATE($D38," ",Y47),Setzlisten!$A:$E,5,0) -> #N/A | AB47: 9
C48: =IF(D48="",0,VLOOKUP(D48,$Z39:$AB53,3,0)) -> 0 | F48: =IF(G48="",0,VLOOKUP(G48,$AA39:$AB53,2,0)) -> 0 | Y48: 10 | Z48: =VLOOKUP(CONCATENATE($D36," ",Y48),Setzlisten!$A:$E,5,0) -> #N/A | AA48: =VLOOKUP(CONCATENATE($D38," ",Y48),Setzlisten!$A:$E,5,0) -> #N/A | AB48: 10
A49: 1. Einzel 1st Singles | C49: =IF(D49="",0,VLOOKUP(D49,$Z39:$AB53,3,0)) -> 0 | F49: =IF(G49="",0,VLOOKUP(G49,$AA39:$AB53,2,0)) -> 0 | O49: =IF(I49="","",SUM(I49,K49,M49)) | P49: =IF(J49="","",SUM(J49,L49,N49)) | Q49: =IF(I49="","",IF(I49>J49,1,0)+IF(K49>L49,1,0)+IF(M49="",0,IF(M49>N49,1,0))) | R49: =IF(I49="","",IF(J49>I49,1,0)+IF(L49>K49,1,0)+IF(M49="",0,IF(N49>M49,1,0))) | S49: =IF(I49="","",IF(Q49>R49,1,0)) | T49: =IF(I49="","",IF(R49>Q49,1,0)) | V49: =C49 -> 0 | W49: =F49 -> 0 | Y49: 11 | Z49: =VLOOKUP(CONCATENATE($D36," ",Y49),Setzlisten!$A:$E,5,0) -> #N/A | AA49: =VLOOKUP(CONCATENATE($D38," ",Y49),Setzlisten!$A:$E,5,0) -> #N/A | AB49: 11
A50: 2. Einzel 2nd Singles | C50: =IF(D50="",0,VLOOKUP(D50,$Z39:$AB53,3,0)) -> 0 | F50: =IF(G50="",0,VLOOKUP(G50,$AA39:$AB53,2,0)) -> 0 | O50: =IF(I50="","",SUM(I50,K50,M50)) | P50: =IF(J50="","",SUM(J50,L50,N50)) | Q50: =IF(I50="","",IF(I50>J50,1,0)+IF(K50>L50,1,0)+IF(M50="",0,IF(M50>N50,1,0))) | R50: =IF(I50="","",IF(J50>I50,1,0)+IF(L50>K50,1,0)+IF(M50="",0,IF(N50>M50,1,0))) | S50: =IF(I50="","",IF(Q50>R50,1,0)) | T50: =IF(I50="","",IF(R50>Q50,1,0)) | V50: =C50 -> 0 | W50: =F50 -> 0 | Y50: 12 | Z50: =VLOOKUP(CONCATENATE($D36," ",Y50),Setzlisten!$A:$E,5,0) -> #N/A | AA50: =VLOOKUP(CONCATENATE($D38," ",Y50),Setzlisten!$A:$E,5,0) -> #N/A | AB50: 12
Y51: 13 | Z51: =VLOOKUP(CONCATENATE($D36," ",Y51),Setzlisten!$A:$E,5,0) -> #N/A | AA51: =VLOOKUP(CONCATENATE($D38," ",Y51),Setzlisten!$A:$E,5,0) -> #N/A | AB51: 13
A52: Ende (End): | C52: Sieger: Winner | E52: =IF(S52="","",IF(S52>T52,D36,D38)) | I52: Ergebnis: Result | O52: =IF(O43="","",SUM(O43:O50)) | P52: =IF(P43="","",SUM(P43:P50)) | Q52: =IF(Q43="","",SUM(Q43:Q50)) | R52: =IF(R43="","",SUM(R43:R50)) | S52: =IF(S43="","",SUM(S43:S50)) | T52: =IF(T43="","",SUM(T43:T50)) | Y52: 14 | Z52: =VLOOKUP(CONCATENATE($D36," ",Y52),Setzlisten!$A:$E,5,0) -> #N/A | AA52: =VLOOKUP(CONCATENATE($D38," ",Y52),Setzlisten!$A:$E,5,0) -> #N/A | AB52: 14
A53: =A22 -> 0.5 | Y53: 15 | Z53: =VLOOKUP(CONCATENATE($D36," ",Y53),Setzlisten!$A:$E,5,0) -> #N/A | AA53: =VLOOKUP(CONCATENATE($D38," ",Y53),Setzlisten!$A:$E,5,0) -> #N/A | AB53: 15
D55: Besondere Vorkommnisse: Noteworthy Events
A57: Die Richtigkeit der Angaben wird bescheinigt. Das Spiel hat unter Beachtung der Spielordnung stattgefunden. The accuracy of the information is certified. The match took place in accordance with the League and Match Rules.
A58: =Allgemeines!$B$3 -> Hamburg | E58: =Allgemeines!$B$4 -> 46023
A60: Ort (Place) | E60: Datum (Date) | G60: Gruppenkoordinator:in | J60: Kapitän:in Heimverein | P60: Kapitän:in Gastverein
G61: Group Coordinator | J61: Captain Home Club | P61: Captain Guest Club
G62: =Allgemeines!$D$2 -> George Washington | J62: =IF(D36="","",VLOOKUP(D36,Allgemeines!$B$7:$D$12,3,0)) | P62: =IF(D38="","",VLOOKUP(D38,Allgemeines!$B$7:$D$12,3,0))
A63: Queere Badminton Liga | F63: =IF(V74>V76,CONCATENATE("Achtung! Teamreihenfolge ",D67," nicht richtig! 1. und 2. Doppel tauschen."),IF(V76>V78,CONCATENATE("Achtung! Teamreihenfolge ",D67," nicht richtig! 2. und 3. Doppel tauschen."),IF(AND(V80>=V81,V81>0),CONCATENATE("Achtung! Teamreihenfolge ",D67," nicht richtig! Beide Einzel tauschen."),IF(W74>W76,CONCATENATE("Achtung! Teamreihenfolge ",D69," nicht richtig! 1. und 2. Doppel tauschen."),IF(W76>W78,CONCATENATE("Achtung! Teamreihenfolge ",D69," nicht richtig! 2. und 3. Doppel tauschen."),IF(AND(W80>=W81,W81>0),CONCATENATE("Achtung! Teamreihenfolge ",D69," nicht richtig! Beide Einzel tauschen."),""))))))
A64: Spielberichtsbogen
A65: Match Report Sheet
A67: Heimteam: | L67: Gruppe: | M67: =Gruppe -> II
C68: Home team | L68: Group
A69: Gastteam: | J69: Austragungsort: | M69: =Austragungsort -> Sporthalle Berlin | Y69: Heimteam | AA69: Gastteam | AD69: Text für meinspielplan.de
C70: Guest team | L70: Venue | Y70: 1 | Z70: =VLOOKUP(CONCATENATE($D67," ",Y70),Setzlisten!$A:$E,5,0) -> #N/A | AA70: =VLOOKUP(CONCATENATE($D69," ",Y70),Setzlisten!$A:$E,5,0) -> #N/A | AB70: 1 | AD70: =CONCATENATE(A74,": ",D74," mit ",D75," - ",G74," mit ",G75,", ",I74,":",J74,", ",K74,":",L74,IF(M74="","",CONCATENATE(", ",M74,":",N74)),CHAR(10),A76,": ",D76," mit ",D77," - ",G76," mit ",G77,", ",I76,":",J76,", ",K76,":",L76,IF(M76="","",CONCATENATE(", ",M76,":",N76)),CHAR(10),A78,": ",D78," mit ",D79," - ",G78," mit ",G79,", ",I78,":",J78,", ",K78,":",L78,IF(M78="","",CONCATENATE(", ",M78,":",N78)),CHAR(10),A80,": ",D80," - ",G80,", ",I80,":",J80,", ",K80,":",L80,IF(M80="","",CONCATENATE(", ",M80,":",N80)),CHAR(10),A81,": ",D81," - ",G81,", ",I81,":",J81,", ",K81,":",L81,IF(M81="","",CONCATENATE(", ",M81,":",N81))) -> 1. Doppel 1st Doubles: mit - mit , :, : 2. Doppel 2nd Doubles: mit - mit , :, : 3. Doppel 3rd Doubles: mit - mit , :, : 1. Einzel 1st Singles: - , :, : 2. Einzel 2nd Singles: - , :, :
A71: Beginn: (Start) | C71: RL-Pos. | D71: Heimteam Home team | F71: RL-Pos. | G71: Gastteam Guest team | I71: 1. Satz 1st Game | K71: 2. Satz 2nd Game | M71: 3. Satz 3rd Game | O71: Punkte (Points) | Q71: Sätze (Games) | S71: Spiele (Matches) | V71: RL-Pos. Heim-team | W71: RL-Pos. Gast-team | Y71: 2 | Z71: =VLOOKUP(CONCATENATE($D67," ",Y71),Setzlisten!$A:$E,5,0) -> #N/A | AA71: =VLOOKUP(CONCATENATE($D69," ",Y71),Setzlisten!$A:$E,5,0) -> #N/A | AB71: 2
A72: =A41 -> 0.4375 | O72: Heim Home | P72: Gast Guest | Q72: Heim Home | R72: Gast Guest | S72: Heim Home | T72: Gast Guest | Y72: 3 | Z72: =VLOOKUP(CONCATENATE($D67," ",Y72),Setzlisten!$A:$E,5,0) -> #N/A | AA72: =VLOOKUP(CONCATENATE($D69," ",Y72),Setzlisten!$A:$E,5,0) -> #N/A | AB72: 3
Y73: 4 | Z73: =VLOOKUP(CONCATENATE($D67," ",Y73),Setzlisten!$A:$E,5,0) -> #N/A | AA73: =VLOOKUP(CONCATENATE($D69," ",Y73),Setzlisten!$A:$E,5,0) -> #N/A | AB73: 4
A74: 1. Doppel 1st Doubles | C74: =IF(D74="",0,VLOOKUP(D74,$Z70:$AB84,3,0)) -> 0 | F74: =IF(G74="",0,VLOOKUP(G74,$AA70:$AB84,2,0)) -> 0 | O74: =IF(I74="","",SUM(I74,K74,M74)) | P74: =IF(J74="","",SUM(J74,L74,N74)) | Q74: =IF(I74="","",IF(I74>J74,1,0)+IF(K74>L74,1,0)+IF(M74="",0,IF(M74>N74,1,0))) | R74: =IF(I74="","",IF(J74>I74,1,0)+IF(L74>K74,1,0)+IF(M74="",0,IF(N74>M74,1,0))) | S74: =IF(I74="","",IF(Q74>R74,1,0)) | T74: =IF(I74="","",IF(R74>Q74,1,0)) | V74: =C74+C75 -> 0 | W74: =F74+F75 -> 0 | Y74: 5 | Z74: =VLOOKUP(CONCATENATE($D67," ",Y74),Setzlisten!$A:$E,5,0) -> #N/A | AA74: =VLOOKUP(CONCATENATE($D69," ",Y74),Setzlisten!$A:$E,5,0) -> #N/A | AB74: 5
C75: =IF(D75="",0,VLOOKUP(D75,$Z70:$AB84,3,0)) -> 0 | F75: =IF(G75="",0,VLOOKUP(G75,$AA70:$AB84,2,0)) -> 0 | Y75: 6 | Z75: =VLOOKUP(CONCATENATE($D67," ",Y75),Setzlisten!$A:$E,5,0) -> #N/A | AA75: =VLOOKUP(CONCATENATE($D69," ",Y75),Setzlisten!$A:$E,5,0) -> #N/A | AB75: 6
A76: 2. Doppel 2nd Doubles | C76: =IF(D76="",0,VLOOKUP(D76,$Z70:$AB84,3,0)) -> 0 | F76: =IF(G76="",0,VLOOKUP(G76,$AA70:$AB84,2,0)) -> 0 | O76: =IF(I76="","",SUM(I76,K76,M76)) | P76: =IF(J76="","",SUM(J76,L76,N76)) | Q76: =IF(I76="","",IF(I76>J76,1,0)+IF(K76>L76,1,0)+IF(M76="",0,IF(M76>N76,1,0))) | R76: =IF(I76="","",IF(J76>I76,1,0)+IF(L76>K76,1,0)+IF(M76="",0,IF(N76>M76,1,0))) | S76: =IF(I76="","",IF(Q76>R76,1,0)) | T76: =IF(I76="","",IF(R76>Q76,1,0)) | V76: =C76+C77 -> 0 | W76: =F76+F77 -> 0 | Y76: 7 | Z76: =VLOOKUP(CONCATENATE($D67," ",Y76),Setzlisten!$A:$E,5,0) -> #N/A | AA76: =VLOOKUP(CONCATENATE($D69," ",Y76),Setzlisten!$A:$E,5,0) -> #N/A | AB76: 7 | AD76: ↑ Zelle kopieren ↓ nur "Werte" unten einfügen
C77: =IF(D77="",0,VLOOKUP(D77,$Z70:$AB84,3,0)) -> 0 | F77: =IF(G77="",0,VLOOKUP(G77,$AA70:$AB84,2,0)) -> 0 | Y77: 8 | Z77: =VLOOKUP(CONCATENATE($D67," ",Y77),Setzlisten!$A:$E,5,0) -> #N/A | AA77: =VLOOKUP(CONCATENATE($D69," ",Y77),Setzlisten!$A:$E,5,0) -> #N/A | AB77: 8
A78: 3. Doppel 3rd Doubles | C78: =IF(D78="",0,VLOOKUP(D78,$Z70:$AB84,3,0)) -> 0 | F78: =IF(G78="",0,VLOOKUP(G78,$AA70:$AB84,2,0)) -> 0 | O78: =IF(I78="","",SUM(I78,K78,M78)) | P78: =IF(J78="","",SUM(J78,L78,N78)) | Q78: =IF(I78="","",IF(I78>J78,1,0)+IF(K78>L78,1,0)+IF(M78="",0,IF(M78>N78,1,0))) | R78: =IF(I78="","",IF(J78>I78,1,0)+IF(L78>K78,1,0)+IF(M78="",0,IF(N78>M78,1,0))) | S78: =IF(I78="","",IF(Q78>R78,1,0)) | T78: =IF(I78="","",IF(R78>Q78,1,0)) | V78: =C78+C79 -> 0 | W78: =F78+F79 -> 0 | Y78: 9 | Z78: =VLOOKUP(CONCATENATE($D67," ",Y78),Setzlisten!$A:$E,5,0) -> #N/A | AA78: =VLOOKUP(CONCATENATE($D69," ",Y78),Setzlisten!$A:$E,5,0) -> #N/A | AB78: 9
C79: =IF(D79="",0,VLOOKUP(D79,$Z70:$AB84,3,0)) -> 0 | F79: =IF(G79="",0,VLOOKUP(G79,$AA70:$AB84,2,0)) -> 0 | Y79: 10 | Z79: =VLOOKUP(CONCATENATE($D67," ",Y79),Setzlisten!$A:$E,5,0) -> #N/A | AA79: =VLOOKUP(CONCATENATE($D69," ",Y79),Setzlisten!$A:$E,5,0) -> #N/A | AB79: 10
A80: 1. Einzel 1st Singles | C80: =IF(D80="",0,VLOOKUP(D80,$Z70:$AB84,3,0)) -> 0 | F80: =IF(G80="",0,VLOOKUP(G80,$AA70:$AB84,2,0)) -> 0 | O80: =IF(I80="","",SUM(I80,K80,M80)) | P80: =IF(J80="","",SUM(J80,L80,N80)) | Q80: =IF(I80="","",IF(I80>J80,1,0)+IF(K80>L80,1,0)+IF(M80="",0,IF(M80>N80,1,0))) | R80: =IF(I80="","",IF(J80>I80,1,0)+IF(L80>K80,1,0)+IF(M80="",0,IF(N80>M80,1,0))) | S80: =IF(I80="","",IF(Q80>R80,1,0)) | T80: =IF(I80="","",IF(R80>Q80,1,0)) | V80: =C80 -> 0 | W80: =F80 -> 0 | Y80: 11 | Z80: =VLOOKUP(CONCATENATE($D67," ",Y80),Setzlisten!$A:$E,5,0) -> #N/A | AA80: =VLOOKUP(CONCATENATE($D69," ",Y80),Setzlisten!$A:$E,5,0) -> #N/A | AB80: 11
A81: 2. Einzel 2nd Singles | C81: =IF(D81="",0,VLOOKUP(D81,$Z70:$AB84,3,0)) -> 0 | F81: =IF(G81="",0,VLOOKUP(G81,$AA70:$AB84,2,0)) -> 0 | O81: =IF(I81="","",SUM(I81,K81,M81)) | P81: =IF(J81="","",SUM(J81,L81,N81)) | Q81: =IF(I81="","",IF(I81>J81,1,0)+IF(K81>L81,1,0)+IF(M81="",0,IF(M81>N81,1,0))) | R81: =IF(I81="","",IF(J81>I81,1,0)+IF(L81>K81,1,0)+IF(M81="",0,IF(N81>M81,1,0))) | S81: =IF(I81="","",IF(Q81>R81,1,0)) | T81: =IF(I81="","",IF(R81>Q81,1,0)) | V81: =C81 -> 0 | W81: =F81 -> 0 | Y81: 12 | Z81: =VLOOKUP(CONCATENATE($D67," ",Y81),Setzlisten!$A:$E,5,0) -> #N/A | AA81: =VLOOKUP(CONCATENATE($D69," ",Y81),Setzlisten!$A:$E,5,0) -> #N/A | AB81: 12
Y82: 13 | Z82: =VLOOKUP(CONCATENATE($D67," ",Y82),Setzlisten!$A:$E,5,0) -> #N/A | AA82: =VLOOKUP(CONCATENATE($D69," ",Y82),Setzlisten!$A:$E,5,0) -> #N/A | AB82: 13
A83: Ende (End): | C83: Sieger: Winner | E83: =IF(S83="","",IF(S83>T83,D67,D69)) | I83: Ergebnis: Result | O83: =IF(O74="","",SUM(O74:O81)) | P83: =IF(P74="","",SUM(P74:P81)) | Q83: =IF(Q74="","",SUM(Q74:Q81)) | R83: =IF(R74="","",SUM(R74:R81)) | S83: =IF(S74="","",SUM(S74:S81)) | T83: =IF(T74="","",SUM(T74:T81)) | Y83: 14 | Z83: =VLOOKUP(CONCATENATE($D67," ",Y83),Setzlisten!$A:$E,5,0) -> #N/A | AA83: =VLOOKUP(CONCATENATE($D69," ",Y83),Setzlisten!$A:$E,5,0) -> #N/A | AB83: 14
A84: =A53 -> 0.5 | Y84: 15 | Z84: =VLOOKUP(CONCATENATE($D67," ",Y84),Setzlisten!$A:$E,5,0) -> #N/A | AA84: =VLOOKUP(CONCATENATE($D69," ",Y84),Setzlisten!$A:$E,5,0) -> #N/A | AB84: 15
D86: Besondere Vorkommnisse: Noteworthy Events
A88: Die Richtigkeit der Angaben wird bescheinigt. Das Spiel hat unter Beachtung der Spielordnung stattgefunden. The accuracy of the information is certified. The match took place in accordance with the League and Match Rules.
A89: =Allgemeines!$B$3 -> Hamburg | E89: =Allgemeines!$B$4 -> 46023
A91: Ort (Place) | E91: Datum (Date) | G91: Gruppenkoordinator:in | J91: Kapitän:in Heimverein | P91: Kapitän:in Gastverein
G92: Group Coordinator | J92: Captain Home Club | P92: Captain Guest Club
G93: =Allgemeines!$D$2 -> George Washington | J93: =IF(D67="","",VLOOKUP(D67,Allgemeines!$B$7:$D$12,3,0)) | P93: =IF(D69="","",VLOOKUP(D69,Allgemeines!$B$7:$D$12,3,0))

Sheet 3.Begegnung
A1: Queere Badminton Liga | F1: =IF(V12>V14,CONCATENATE("Achtung! Teamreihenfolge ",D5," nicht richtig! 1. und 2. Doppel tauschen."),IF(V14>V16,CONCATENATE("Achtung! Teamreihenfolge ",D5," nicht richtig! 2. und 3. Doppel tauschen."),IF(AND(V18>=V19,V19>0),CONCATENATE("Achtung! Teamreihenfolge ",D5," nicht richtig! Beide Einzel tauschen."),IF(W12>W14,CONCATENATE("Achtung! Teamreihenfolge ",D7," nicht richtig! 1. und 2. Doppel tauschen."),IF(W14>W16,CONCATENATE("Achtung! Teamreihenfolge ",D7," nicht richtig! 2. und 3. Doppel tauschen."),IF(AND(W18>=W19,W19>0),CONCATENATE("Achtung! Teamreihenfolge ",D7," nicht richtig! Beide Einzel tauschen."),""))))))
A2: Spielberichtsbogen
A3: Match Report Sheet
A5: Heimteam: | L5: Gruppe: | M5: =Gruppe -> II
C6: Home team | L6: Group
A7: Gastteam: | J7: Austragungsort: | M7: =Austragungsort -> Sporthalle Berlin | Y7: Heimteam | AA7: Gastteam | AD7: Text für meinspielplan.de
C8: Guest team | L8: Venue | Y8: 1 | Z8: =VLOOKUP(CONCATENATE($D5," ",Y8),Setzlisten!$A:$E,5,0) -> #N/A | AA8: =VLOOKUP(CONCATENATE($D7," ",Y8),Setzlisten!$A:$E,5,0) -> #N/A | AB8: 1 | AD8: =CONCATENATE(A12,": ",D12," mit ",D13," - ",G12," mit ",G13,", ",I12,":",J12,", ",K12,":",L12,IF(M12="","",CONCATENATE(", ",M12,":",N12)),CHAR(10),A14,": ",D14," mit ",D15," - ",G14," mit ",G15,", ",I14,":",J14,", ",K14,":",L14,IF(M14="","",CONCATENATE(", ",M14,":",N14)),CHAR(10),A16,": ",D16," mit ",D17," - ",G16," mit ",G17,", ",I16,":",J16,", ",K16,":",L16,IF(M16="","",CONCATENATE(", ",M16,":",N16)),CHAR(10),A18,": ",D18," - ",G18,", ",I18,":",J18,", ",K18,":",L18,IF(M18="","",CONCATENATE(", ",M18,":",N18)),CHAR(10),A19,": ",D19," - ",G19,", ",I19,":",J19,", ",K19,":",L19,IF(M19="","",CONCATENATE(", ",M19,":",N19))) -> 1. Doppel 1st Doubles: mit - mit , :, : 2. Doppel 2nd Doubles: mit - mit , :, : 3. Doppel 3rd Doubles: mit - mit , :, : 1. Einzel 1st Singles: - , :, : 2. Einzel 2nd Singles: - , :, :
A9: Beginn: (Start) | C9: RL-Pos. | D9: Heimteam Home team | F9: RL-Pos. | G9: Gastteam Guest team | I9: 1. Satz 1st Game | K9: 2. Satz 2nd Game | M9: 3. Satz 3rd Game | O9: Punkte (Points) | Q9: Sätze (Games) | S9: Spiele (Matches) | V9: RL-Pos. Heim-team | W9: RL-Pos. Gast-team | Y9: 2 | Z9: =VLOOKUP(CONCATENATE($D5," ",Y9),Setzlisten!$A:$E,5,0) -> #N/A | AA9: =VLOOKUP(CONCATENATE($D7," ",Y9),Setzlisten!$A:$E,5,0) -> #N/A | AB9: 2
A10: =Allgemeines!G4 -> 0.52083333 | O10: Heim Home | P10: Gast Guest | Q10: Heim Home | R10: Gast Guest | S10: Heim Home | T10: Gast Guest | Y10: 3 | Z10: =VLOOKUP(CONCATENATE($D5," ",Y10),Setzlisten!$A:$E,5,0) -> #N/A | AA10: =VLOOKUP(CONCATENATE($D7," ",Y10),Setzlisten!$A:$E,5,0) -> #N/A | AB10: 3
Y11: 4 | Z11: =VLOOKUP(CONCATENATE($D5," ",Y11),Setzlisten!$A:$E,5,0) -> #N/A | AA11: =VLOOKUP(CONCATENATE($D7," ",Y11),Setzlisten!$A:$E,5,0) -> #N/A | AB11: 4
A12: 1. Doppel 1st Doubles | C12: =IF(D12="",0,VLOOKUP(D12,$Z8:$AB22,3,0)) -> 0 | F12: =IF(G12="",0,VLOOKUP(G12,$AA8:$AB22,2,0)) -> 0 | O12: =IF(I12="","",SUM(I12,K12,M12)) | P12: =IF(J12="","",SUM(J12,L12,N12)) | Q12: =IF(I12="","",IF(I12>J12,1,0)+IF(K12>L12,1,0)+IF(M12="",0,IF(M12>N12,1,0))) | R12: =IF(I12="","",IF(J12>I12,1,0)+IF(L12>K12,1,0)+IF(M12="",0,IF(N12>M12,1,0))) | S12: =IF(I12="","",IF(Q12>R12,1,0)) | T12: =IF(I12="","",IF(R12>Q12,1,0)) | V12: =C12+C13 -> 0 | W12: =F12+F13 -> 0 | Y12: 5 | Z12: =VLOOKUP(CONCATENATE($D5," ",Y12),Setzlisten!$A:$E,5,0) -> #N/A | AA12: =VLOOKUP(CONCATENATE($D7," ",Y12),Setzlisten!$A:$E,5,0) -> #N/A | AB12: 5
C13: =IF(D13="",0,VLOOKUP(D13,$Z8:$AB22,3,0)) -> 0 | F13: =IF(G13="",0,VLOOKUP(G13,$AA8:$AB22,2,0)) -> 0 | Y13: 6 | Z13: =VLOOKUP(CONCATENATE($D5," ",Y13),Setzlisten!$A:$E,5,0) -> #N/A | AA13: =VLOOKUP(CONCATENATE($D7," ",Y13),Setzlisten!$A:$E,5,0) -> #N/A | AB13: 6
A14: 2. Doppel 2nd Doubles | C14: =IF(D14="",0,VLOOKUP(D14,$Z8:$AB22,3,0)) -> 0 | F14: =IF(G14="",0,VLOOKUP(G14,$AA8:$AB22,2,0)) -> 0 | O14: =IF(I14="","",SUM(I14,K14,M14)) | P14: =IF(J14="","",SUM(J14,L14,N14)) | Q14: =IF(I14="","",IF(I14>J14,1,0)+IF(K14>L14,1,0)+IF(M14="",0,IF(M14>N14,1,0))) | R14: =IF(I14="","",IF(J14>I14,1,0)+IF(L14>K14,1,0)+IF(M14="",0,IF(N14>M14,1,0))) | S14: =IF(I14="","",IF(Q14>R14,1,0)) | T14: =IF(I14="","",IF(R14>Q14,1,0)) | V14: =C14+C15 -> 0 | W14: =F14+F15 -> 0 | Y14: 7 | Z14: =VLOOKUP(CONCATENATE($D5," ",Y14),Setzlisten!$A:$E,5,0) -> #N/A | AA14: =VLOOKUP(CONCATENATE($D7," ",Y14),Setzlisten!$A:$E,5,0) -> #N/A | AB14: 7 | AD14: ↑ Zelle kopieren ↓ nur "Werte" unten einfügen
C15: =IF(D15="",0,VLOOKUP(D15,$Z8:$AB22,3,0)) -> 0 | F15: =IF(G15="",0,VLOOKUP(G15,$AA8:$AB22,2,0)) -> 0 | Y15: 8 | Z15: =VLOOKUP(CONCATENATE($D5," ",Y15),Setzlisten!$A:$E,5,0) -> #N/A | AA15: =VLOOKUP(CONCATENATE($D7," ",Y15),Setzlisten!$A:$E,5,0) -> #N/A | AB15: 8
A16: 3. Doppel 3rd Doubles | C16: =IF(D16="",0,VLOOKUP(D16,$Z8:$AB22,3,0)) -> 0 | F16: =IF(G16="",0,VLOOKUP(G16,$AA8:$AB22,2,0)) -> 0 | O16: =IF(I16="","",SUM(I16,K16,M16)) | P16: =IF(J16="","",SUM(J16,L16,N16)) | Q16: =IF(I16="","",IF(I16>J16,1,0)+IF(K16>L16,1,0)+IF(M16="",0,IF(M16>N16,1,0))) | R16: =IF(I16="","",IF(J16>I16,1,0)+IF(L16>K16,1,0)+IF(M16="",0,IF(N16>M16,1,0))) | S16: =IF(I16="","",IF(Q16>R16,1,0)) | T16: =IF(I16="","",IF(R16>Q16,1,0)) | V16: =C16+C17 -> 0 | W16: =F16+F17 -> 0 | Y16: 9 | Z16: =VLOOKUP(CONCATENATE($D5," ",Y16),Setzlisten!$A:$E,5,0) -> #N/A | AA16: =VLOOKUP(CONCATENATE($D7," ",Y16),Setzlisten!$A:$E,5,0) -> #N/A | AB16: 9
C17: =IF(D17="",0,VLOOKUP(D17,$Z8:$AB22,3,0)) -> 0 | F17: =IF(G17="",0,VLOOKUP(G17,$AA8:$AB22,2,0)) -> 0 | Y17: 10 | Z17: =VLOOKUP(CONCATENATE($D5," ",Y17),Setzlisten!$A:$E,5,0) -> #N/A | AA17: =VLOOKUP(CONCATENATE($D7," ",Y17),Setzlisten!$A:$E,5,0) -> #N/A | AB17: 10
A18: 1. Einzel 1st Singles | C18: =IF(D18="",0,VLOOKUP(D18,$Z8:$AB22,3,0)) -> 0 | F18: =IF(G18="",0,VLOOKUP(G18,$AA8:$AB22,2,0)) -> 0 | O18: =IF(I18="","",SUM(I18,K18,M18)) | P18: =IF(J18="","",SUM(J18,L18,N18)) | Q18: =IF(I18="","",IF(I18>J18,1,0)+IF(K18>L18,1,0)+IF(M18="",0,IF(M18>N18,1,0))) | R18: =IF(I18="","",IF(J18>I18,1,0)+IF(L18>K18,1,0)+IF(M18="",0,IF(N18>M18,1,0))) | S18: =IF(I18="","",IF(Q18>R18,1,0)) | T18: =IF(I18="","",IF(R18>Q18,1,0)) | V18: =C18 -> 0 | W18: =F18 -> 0 | Y18: 11 | Z18: =VLOOKUP(CONCATENATE($D5," ",Y18),Setzlisten!$A:$E,5,0) -> #N/A | AA18: =VLOOKUP(CONCATENATE($D7," ",Y18),Setzlisten!$A:$E,5,0) -> #N/A | AB18: 11
A19: 2. Einzel 2nd Singles | C19: =IF(D19="",0,VLOOKUP(D19,$Z8:$AB22,3,0)) -> 0 | F19: =IF(G19="",0,VLOOKUP(G19,$AA8:$AB22,2,0)) -> 0 | O19: =IF(I19="","",SUM(I19,K19,M19)) | P19: =IF(J19="","",SUM(J19,L19,N19)) | Q19: =IF(I19="","",IF(I19>J19,1,0)+IF(K19>L19,1,0)+IF(M19="",0,IF(M19>N19,1,0))) | R19: =IF(I19="","",IF(J19>I19,1,0)+IF(L19>K19,1,0)+IF(M19="",0,IF(N19>M19,1,0))) | S19: =IF(I19="","",IF(Q19>R19,1,0)) | T19: =IF(I19="","",IF(R19>Q19,1,0)) | V19: =C19 -> 0 | W19: =F19 -> 0 | Y19: 12 | Z19: =VLOOKUP(CONCATENATE($D5," ",Y19),Setzlisten!$A:$E,5,0) -> #N/A | AA19: =VLOOKUP(CONCATENATE($D7," ",Y19),Setzlisten!$A:$E,5,0) -> #N/A | AB19: 12
Y20: 13 | Z20: =VLOOKUP(CONCATENATE($D5," ",Y20),Setzlisten!$A:$E,5,0) -> #N/A | AA20: =VLOOKUP(CONCATENATE($D7," ",Y20),Setzlisten!$A:$E,5,0) -> #N/A | AB20: 13
A21: Ende (End): | C21: Sieger: Winner | E21: =IF(S21="","",IF(S21>T21,D5,D7)) | I21: Ergebnis: Result | O21: =IF(O12="","",SUM(O12:O19)) | P21: =IF(P12="","",SUM(P12:P19)) | Q21: =IF(Q12="","",SUM(Q12:Q19)) | R21: =IF(R12="","",SUM(R12:R19)) | S21: =IF(S12="","",SUM(S12:S19)) | T21: =IF(T12="","",SUM(T12:T19)) | Y21: 14 | Z21: =VLOOKUP(CONCATENATE($D5," ",Y21),Setzlisten!$A:$E,5,0) -> #N/A | AA21: =VLOOKUP(CONCATENATE($D7," ",Y21),Setzlisten!$A:$E,5,0) -> #N/A | AB21: 14
A22: =Allgemeines!H4 -> 0.58333333 | Y22: 15 | Z22: =VLOOKUP(CONCATENATE($D5," ",Y22),Setzlisten!$A:$E,5,0) -> #N/A | AA22: =VLOOKUP(CONCATENATE($D7," ",Y22),Setzlisten!$A:$E,5,0) -> #N/A | AB22: 15
D24: Besondere Vorkommnisse: Noteworthy Events
A26: Die Richtigkeit der Angaben wird bescheinigt. Das Spiel hat unter Beachtung der Spielordnung stattgefunden. The accuracy of the information is certified. The match took place in accordance with the League and Match Rules.
A27: =Allgemeines!$B$3 -> Hamburg | E27: =Allgemeines!$B$4 -> 46023
A29: Ort (Place) | E29: Datum (Date) | G29: Gruppenkoordinator:in | J29: Kapitän:in Heimverein | P29: Kapitän:in Gastverein
G30: Group Coordinator | J30: Captain Home Club | P30: Captain Guest Club
G31: =Allgemeines!$D$2 -> George Washington | J31: =IF(D5="","",VLOOKUP(D5,Allgemeines!$B$7:$D$12,3,0)) | P31: =IF(D7="","",VLOOKUP(D7,Allgemeines!$B$7:$D$12,3,0))
A32: Queere Badminton Liga | F32: =IF(V43>V45,CONCATENATE("Achtung! Teamreihenfolge ",D36," nicht richtig! 1. und 2. Doppel tauschen."),IF(V45>V47,CONCATENATE("Achtung! Teamreihenfolge ",D36," nicht richtig! 2. und 3. Doppel tauschen."),IF(AND(V49>=V50,V50>0),CONCATENATE("Achtung! Teamreihenfolge ",D36," nicht richtig! Beide Einzel tauschen."),IF(W43>W45,CONCATENATE("Achtung! Teamreihenfolge ",D38," nicht richtig! 1. und 2. Doppel tauschen."),IF(W45>W47,CONCATENATE("Achtung! Teamreihenfolge ",D38," nicht richtig! 2. und 3. Doppel tauschen."),IF(AND(W49>=W50,W50>0),CONCATENATE("Achtung! Teamreihenfolge ",D38," nicht richtig! Beide Einzel tauschen."),""))))))
A33: Spielberichtsbogen
A34: Match Report Sheet
A36: Heimteam: | L36: Gruppe: | M36: =Gruppe -> II
C37: Home team | L37: Group
A38: Gastteam: | J38: Austragungsort: | M38: =Austragungsort -> Sporthalle Berlin | Y38: Heimteam | AA38: Gastteam | AD38: Text für meinspielplan.de
C39: Guest team | L39: Venue | Y39: 1 | Z39: =VLOOKUP(CONCATENATE($D36," ",Y39),Setzlisten!$A:$E,5,0) -> #N/A | AA39: =VLOOKUP(CONCATENATE($D38," ",Y39),Setzlisten!$A:$E,5,0) -> #N/A | AB39: 1 | AD39: =CONCATENATE(A43,": ",D43," mit ",D44," - ",G43," mit ",G44,", ",I43,":",J43,", ",K43,":",L43,IF(M43="","",CONCATENATE(", ",M43,":",N43)),CHAR(10),A45,": ",D45," mit ",D46," - ",G45," mit ",G46,", ",I45,":",J45,", ",K45,":",L45,IF(M45="","",CONCATENATE(", ",M45,":",N45)),CHAR(10),A47,": ",D47," mit ",D48," - ",G47," mit ",G48,", ",I47,":",J47,", ",K47,":",L47,IF(M47="","",CONCATENATE(", ",M47,":",N47)),CHAR(10),A49,": ",D49," - ",G49,", ",I49,":",J49,", ",K49,":",L49,IF(M49="","",CONCATENATE(", ",M49,":",N49)),CHAR(10),A50,": ",D50," - ",G50,", ",I50,":",J50,", ",K50,":",L50,IF(M50="","",CONCATENATE(", ",M50,":",N50))) -> 1. Doppel 1st Doubles: mit - mit , :, : 2. Doppel 2nd Doubles: mit - mit , :, : 3. Doppel 3rd Doubles: mit - mit , :, : 1. Einzel 1st Singles: - , :, : 2. Einzel 2nd Singles: - , :, :
A40: Beginn: (Start) | C40: RL-Pos. | D40: Heimteam Home team | F40: RL-Pos. | G40: Gastteam Guest team | I40: 1. Satz 1st Game | K40: 2. Satz 2nd Game | M40: 3. Satz 3rd Game | O40: Punkte (Points) | Q40: Sätze (Games) | S40: Spiele (Matches) | V40: RL-Pos. Heim-team | W40: RL-Pos. Gast-team | Y40: 2 | Z40: =VLOOKUP(CONCATENATE($D36," ",Y40),Setzlisten!$A:$E,5,0) -> #N/A | AA40: =VLOOKUP(CONCATENATE($D38," ",Y40),Setzlisten!$A:$E,5,0) -> #N/A | AB40: 2
A41: =A10 -> 0.52083333 | O41: Heim Home | P41: Gast Guest | Q41: Heim Home | R41: Gast Guest | S41: Heim Home | T41: Gast Guest | Y41: 3 | Z41: =VLOOKUP(CONCATENATE($D36," ",Y41),Setzlisten!$A:$E,5,0) -> #N/A | AA41: =VLOOKUP(CONCATENATE($D38," ",Y41),Setzlisten!$A:$E,5,0) -> #N/A | AB41: 3
Y42: 4 | Z42: =VLOOKUP(CONCATENATE($D36," ",Y42),Setzlisten!$A:$E,5,0) -> #N/A | AA42: =VLOOKUP(CONCATENATE($D38," ",Y42),Setzlisten!$A:$E,5,0) -> #N/A | AB42: 4
A43: 1. Doppel 1st Doubles | C43: =IF(D43="",0,VLOOKUP(D43,$Z39:$AB53,3,0)) -> 0 | F43: =IF(G43="",0,VLOOKUP(G43,$AA39:$AB53,2,0)) -> 0 | O43: =IF(I43="","",SUM(I43,K43,M43)) | P43: =IF(J43="","",SUM(J43,L43,N43)) | Q43: =IF(I43="","",IF(I43>J43,1,0)+IF(K43>L43,1,0)+IF(M43="",0,IF(M43>N43,1,0))) | R43: =IF(I43="","",IF(J43>I43,1,0)+IF(L43>K43,1,0)+IF(M43="",0,IF(N43>M43,1,0))) | S43: =IF(I43="","",IF(Q43>R43,1,0)) | T43: =IF(I43="","",IF(R43>Q43,1,0)) | V43: =C43+C44 -> 0 | W43: =F43+F44 -> 0 | Y43: 5 | Z43: =VLOOKUP(CONCATENATE($D36," ",Y43),Setzlisten!$A:$E,5,0) -> #N/A | AA43: =VLOOKUP(CONCATENATE($D38," ",Y43),Setzlisten!$A:$E,5,0) -> #N/A | AB43: 5
C44: =IF(D44="",0,VLOOKUP(D44,$Z39:$AB53,3,0)) -> 0 | F44: =IF(G44="",0,VLOOKUP(G44,$AA39:$AB53,2,0)) -> 0 | Y44: 6 | Z44: =VLOOKUP(CONCATENATE($D36," ",Y44),Setzlisten!$A:$E,5,0) -> #N/A | AA44: =VLOOKUP(CONCATENATE($D38," ",Y44),Setzlisten!$A:$E,5,0) -> #N/A | AB44: 6
A45: 2. Doppel 2nd Doubles | C45: =IF(D45="",0,VLOOKUP(D45,$Z39:$AB53,3,0)) -> 0 | F45: =IF(G45="",0,VLOOKUP(G45,$AA39:$AB53,2,0)) -> 0 | O45: =IF(I45="","",SUM(I45,K45,M45)) | P45: =IF(J45="","",SUM(J45,L45,N45)) | Q45: =IF(I45="","",IF(I45>J45,1,0)+IF(K45>L45,1,0)+IF(M45="",0,IF(M45>N45,1,0))) | R45: =IF(I45="","",IF(J45>I45,1,0)+IF(L45>K45,1,0)+IF(M45="",0,IF(N45>M45,1,0))) | S45: =IF(I45="","",IF(Q45>R45,1,0)) | T45: =IF(I45="","",IF(R45>Q45,1,0)) | V45: =C45+C46 -> 0 | W45: =F45+F46 -> 0 | Y45: 7 | Z45: =VLOOKUP(CONCATENATE($D36," ",Y45),Setzlisten!$A:$E,5,0) -> #N/A | AA45: =VLOOKUP(CONCATENATE($D38," ",Y45),Setzlisten!$A:$E,5,0) -> #N/A | AB45: 7 | AD45: ↑ Zelle kopieren ↓ nur "Werte" unten einfügen
C46: =IF(D46="",0,VLOOKUP(D46,$Z39:$AB53,3,0)) -> 0 | F46: =IF(G46="",0,VLOOKUP(G46,$AA39:$AB53,2,0)) -> 0 | Y46: 8 | Z46: =VLOOKUP(CONCATENATE($D36," ",Y46),Setzlisten!$A:$E,5,0) -> #N/A | AA46: =VLOOKUP(CONCATENATE($D38," ",Y46),Setzlisten!$A:$E,5,0) -> #N/A | AB46: 8
A47: 3. Doppel 3rd Doubles | C47: =IF(D47="",0,VLOOKUP(D47,$Z39:$AB53,3,0)) -> 0 | F47: =IF(G47="",0,VLOOKUP(G47,$AA39:$AB53,2,0)) -> 0 | O47: =IF(I47="","",SUM(I47,K47,M47)) | P47: =IF(J47="","",SUM(J47,L47,N47)) | Q47: =IF(I47="","",IF(I47>J47,1,0)+IF(K47>L47,1,0)+IF(M47="",0,IF(M47>N47,1,0))) | R47: =IF(I47="","",IF(J47>I47,1,0)+IF(L47>K47,1,0)+IF(M47="",0,IF(N47>M47,1,0))) | S47: =IF(I47="","",IF(Q47>R47,1,0)) | T47: =IF(I47="","",IF(R47>Q47,1,0)) | V47: =C47+C48 -> 0 | W47: =F47+F48 -> 0 | Y47: 9 | Z47: =VLOOKUP(CONCATENATE($D36," ",Y47),Setzlisten!$A:$E,5,0) -> #N/A | AA47: =VLOOKUP(CONCATENATE($D38," ",Y47),Setzlisten!$A:$E,5,0) -> #N/A | AB47: 9
C48: =IF(D48="",0,VLOOKUP(D48,$Z39:$AB53,3,0)) -> 0 | F48: =IF(G48="",0,VLOOKUP(G48,$AA39:$AB53,2,0)) -> 0 | Y48: 10 | Z48: =VLOOKUP(CONCATENATE($D36," ",Y48),Setzlisten!$A:$E,5,0) -> #N/A | AA48: =VLOOKUP(CONCATENATE($D38," ",Y48),Setzlisten!$A:$E,5,0) -> #N/A | AB48: 10
A49: 1. Einzel 1st Singles | C49: =IF(D49="",0,VLOOKUP(D49,$Z39:$AB53,3,0)) -> 0 | F49: =IF(G49="",0,VLOOKUP(G49,$AA39:$AB53,2,0)) -> 0 | O49: =IF(I49="","",SUM(I49,K49,M49)) | P49: =IF(J49="","",SUM(J49,L49,N49)) | Q49: =IF(I49="","",IF(I49>J49,1,0)+IF(K49>L49,1,0)+IF(M49="",0,IF(M49>N49,1,0))) | R49: =IF(I49="","",IF(J49>I49,1,0)+IF(L49>K49,1,0)+IF(M49="",0,IF(N49>M49,1,0))) | S49: =IF(I49="","",IF(Q49>R49,1,0)) | T49: =IF(I49="","",IF(R49>Q49,1,0)) | V49: =C49 -> 0 | W49: =F49 -> 0 | Y49: 11 | Z49: =VLOOKUP(CONCATENATE($D36," ",Y49),Setzlisten!$A:$E,5,0) -> #N/A | AA49: =VLOOKUP(CONCATENATE($D38," ",Y49),Setzlisten!$A:$E,5,0) -> #N/A | AB49: 11
A50: 2. Einzel 2nd Singles | C50: =IF(D50="",0,VLOOKUP(D50,$Z39:$AB53,3,0)) -> 0 | F50: =IF(G50="",0,VLOOKUP(G50,$AA39:$AB53,2,0)) -> 0 | O50: =IF(I50="","",SUM(I50,K50,M50)) | P50: =IF(J50="","",SUM(J50,L50,N50)) | Q50: =IF(I50="","",IF(I50>J50,1,0)+IF(K50>L50,1,0)+IF(M50="",0,IF(M50>N50,1,0))) | R50: =IF(I50="","",IF(J50>I50,1,0)+IF(L50>K50,1,0)+IF(M50="",0,IF(N50>M50,1,0))) | S50: =IF(I50="","",IF(Q50>R50,1,0)) | T50: =IF(I50="","",IF(R50>Q50,1,0)) | V50: =C50 -> 0 | W50: =F50 -> 0 | Y50: 12 | Z50: =VLOOKUP(CONCATENATE($D36," ",Y50),Setzlisten!$A:$E,5,0) -> #N/A | AA50: =VLOOKUP(CONCATENATE($D38," ",Y50),Setzlisten!$A:$E,5,0) -> #N/A | AB50: 12
Y51: 13 | Z51: =VLOOKUP(CONCATENATE($D36," ",Y51),Setzlisten!$A:$E,5,0) -> #N/A | AA51: =VLOOKUP(CONCATENATE($D38," ",Y51),Setzlisten!$A:$E,5,0) -> #N/A | AB51: 13
A52: Ende (End): | C52: Sieger: Winner | E52: =IF(S52="","",IF(S52>T52,D36,D38)) | I52: Ergebnis: Result | O52: =IF(O43="","",SUM(O43:O50)) | P52: =IF(P43="","",SUM(P43:P50)) | Q52: =IF(Q43="","",SUM(Q43:Q50)) | R52: =IF(R43="","",SUM(R43:R50)) | S52: =IF(S43="","",SUM(S43:S50)) | T52: =IF(T43="","",SUM(T43:T50)) | Y52: 14 | Z52: =VLOOKUP(CONCATENATE($D36," ",Y52),Setzlisten!$A:$E,5,0) -> #N/A | AA52: =VLOOKUP(CONCATENATE($D38," ",Y52),Setzlisten!$A:$E,5,0) -> #N/A | AB52: 14
A53: =A22 -> 0.58333333 | Y53: 15 | Z53: =VLOOKUP(CONCATENATE($D36," ",Y53),Setzlisten!$A:$E,5,0) -> #N/A | AA53: =VLOOKUP(CONCATENATE($D38," ",Y53),Setzlisten!$A:$E,5,0) -> #N/A | AB53: 15
D55: Besondere Vorkommnisse: Noteworthy Events
A57: Die Richtigkeit der Angaben wird bescheinigt. Das Spiel hat unter Beachtung der Spielordnung stattgefunden. The accuracy of the information is certified. The match took place in accordance with the League and Match Rules.
A58: =Allgemeines!$B$3 -> Hamburg | E58: =Allgemeines!$B$4 -> 46023
A60: Ort (Place) | E60: Datum (Date) | G60: Gruppenkoordinator:in | J60: Kapitän:in Heimverein | P60: Kapitän:in Gastverein
G61: Group Coordinator | J61: Captain Home Club | P61: Captain Guest Club
G62: =Allgemeines!$D$2 -> George Washington | J62: =IF(D36="","",VLOOKUP(D36,Allgemeines!$B$7:$D$12,3,0)) | P62: =IF(D38="","",VLOOKUP(D38,Allgemeines!$B$7:$D$12,3,0))
A63: Queere Badminton Liga | F63: =IF(V74>V76,CONCATENATE("Achtung! Teamreihenfolge ",D67," nicht richtig! 1. und 2. Doppel tauschen."),IF(V76>V78,CONCATENATE("Achtung! Teamreihenfolge ",D67," nicht richtig! 2. und 3. Doppel tauschen."),IF(AND(V80>=V81,V81>0),CONCATENATE("Achtung! Teamreihenfolge ",D67," nicht richtig! Beide Einzel tauschen."),IF(W74>W76,CONCATENATE("Achtung! Teamreihenfolge ",D69," nicht richtig! 1. und 2. Doppel tauschen."),IF(W76>W78,CONCATENATE("Achtung! Teamreihenfolge ",D69," nicht richtig! 2. und 3. Doppel tauschen."),IF(AND(W80>=W81,W81>0),CONCATENATE("Achtung! Teamreihenfolge ",D69," nicht richtig! Beide Einzel tauschen."),""))))))
A64: Spielberichtsbogen
A65: Match Report Sheet
A67: Heimteam: | L67: Gruppe: | M67: =Gruppe -> II
C68: Home team | L68: Group
A69: Gastteam: | J69: Austragungsort: | M69: =Austragungsort -> Sporthalle Berlin | Y69: Heimteam | AA69: Gastteam | AD69: Text für meinspielplan.de
C70: Guest team | L70: Venue | Y70: 1 | Z70: =VLOOKUP(CONCATENATE($D67," ",Y70),Setzlisten!$A:$E,5,0) -> #N/A | AA70: =VLOOKUP(CONCATENATE($D69," ",Y70),Setzlisten!$A:$E,5,0) -> #N/A | AB70: 1 | AD70: =CONCATENATE(A74,": ",D74," mit ",D75," - ",G74," mit ",G75,", ",I74,":",J74,", ",K74,":",L74,IF(M74="","",CONCATENATE(", ",M74,":",N74)),CHAR(10),A76,": ",D76," mit ",D77," - ",G76," mit ",G77,", ",I76,":",J76,", ",K76,":",L76,IF(M76="","",CONCATENATE(", ",M76,":",N76)),CHAR(10),A78,": ",D78," mit ",D79," - ",G78," mit ",G79,", ",I78,":",J78,", ",K78,":",L78,IF(M78="","",CONCATENATE(", ",M78,":",N78)),CHAR(10),A80,": ",D80," - ",G80,", ",I80,":",J80,", ",K80,":",L80,IF(M80="","",CONCATENATE(", ",M80,":",N80)),CHAR(10),A81,": ",D81," - ",G81,", ",I81,":",J81,", ",K81,":",L81,IF(M81="","",CONCATENATE(", ",M81,":",N81))) -> 1. Doppel 1st Doubles: mit - mit , :, : 2. Doppel 2nd Doubles: mit - mit , :, : 3. Doppel 3rd Doubles: mit - mit , :, : 1. Einzel 1st Singles: - , :, : 2. Einzel 2nd Singles: - , :, :
A71: Beginn: (Start) | C71: RL-Pos. | D71: Heimteam Home team | F71: RL-Pos. | G71: Gastteam Guest team | I71: 1. Satz 1st Game | K71: 2. Satz 2nd Game | M71: 3. Satz 3rd Game | O71: Punkte (Points) | Q71: Sätze (Games) | S71: Spiele (Matches) | V71: RL-Pos. Heim-team | W71: RL-Pos. Gast-team | Y71: 2 | Z71: =VLOOKUP(CONCATENATE($D67," ",Y71),Setzlisten!$A:$E,5,0) -> #N/A | AA71: =VLOOKUP(CONCATENATE($D69," ",Y71),Setzlisten!$A:$E,5,0) -> #N/A | AB71: 2
A72: =A41 -> 0.52083333 | O72: Heim Home | P72: Gast Guest | Q72: Heim Home | R72: Gast Guest | S72: Heim Home | T72: Gast Guest | Y72: 3 | Z72: =VLOOKUP(CONCATENATE($D67," ",Y72),Setzlisten!$A:$E,5,0) -> #N/A | AA72: =VLOOKUP(CONCATENATE($D69," ",Y72),Setzlisten!$A:$E,5,0) -> #N/A | AB72: 3
Y73: 4 | Z73: =VLOOKUP(CONCATENATE($D67," ",Y73),Setzlisten!$A:$E,5,0) -> #N/A | AA73: =VLOOKUP(CONCATENATE($D69," ",Y73),Setzlisten!$A:$E,5,0) -> #N/A | AB73: 4
A74: 1. Doppel 1st Doubles | C74: =IF(D74="",0,VLOOKUP(D74,$Z70:$AB84,3,0)) -> 0 | F74: =IF(G74="",0,VLOOKUP(G74,$AA70:$AB84,2,0)) -> 0 | O74: =IF(I74="","",SUM(I74,K74,M74)) | P74: =IF(J74="","",SUM(J74,L74,N74)) | Q74: =IF(I74="","",IF(I74>J74,1,0)+IF(K74>L74,1,0)+IF(M74="",0,IF(M74>N74,1,0))) | R74: =IF(I74="","",IF(J74>I74,1,0)+IF(L74>K74,1,0)+IF(M74="",0,IF(N74>M74,1,0))) | S74: =IF(I74="","",IF(Q74>R74,1,0)) | T74: =IF(I74="","",IF(R74>Q74,1,0)) | V74: =C74+C75 -> 0 | W74: =F74+F75 -> 0 | Y74: 5 | Z74: =VLOOKUP(CONCATENATE($D67," ",Y74),Setzlisten!$A:$E,5,0) -> #N/A | AA74: =VLOOKUP(CONCATENATE($D69," ",Y74),Setzlisten!$A:$E,5,0) -> #N/A | AB74: 5
C75: =IF(D75="",0,VLOOKUP(D75,$Z70:$AB84,3,0)) -> 0 | F75: =IF(G75="",0,VLOOKUP(G75,$AA70:$AB84,2,0)) -> 0 | Y75: 6 | Z75: =VLOOKUP(CONCATENATE($D67," ",Y75),Setzlisten!$A:$E,5,0) -> #N/A | AA75: =VLOOKUP(CONCATENATE($D69," ",Y75),Setzlisten!$A:$E,5,0) -> #N/A | AB75: 6
A76: 2. Doppel 2nd Doubles | C76: =IF(D76="",0,VLOOKUP(D76,$Z70:$AB84,3,0)) -> 0 | F76: =IF(G76="",0,VLOOKUP(G76,$AA70:$AB84,2,0)) -> 0 | O76: =IF(I76="","",SUM(I76,K76,M76)) | P76: =IF(J76="","",SUM(J76,L76,N76)) | Q76: =IF(I76="","",IF(I76>J76,1,0)+IF(K76>L76,1,0)+IF(M76="",0,IF(M76>N76,1,0))) | R76: =IF(I76="","",IF(J76>I76,1,0)+IF(L76>K76,1,0)+IF(M76="",0,IF(N76>M76,1,0))) | S76: =IF(I76="","",IF(Q76>R76,1,0)) | T76: =IF(I76="","",IF(R76>Q76,1,0)) | V76: =C76+C77 -> 0 | W76: =F76+F77 -> 0 | Y76: 7 | Z76: =VLOOKUP(CONCATENATE($D67," ",Y76),Setzlisten!$A:$E,5,0) -> #N/A | AA76: =VLOOKUP(CONCATENATE($D69," ",Y76),Setzlisten!$A:$E,5,0) -> #N/A | AB76: 7 | AD76: ↑ Zelle kopieren ↓ nur "Werte" unten einfügen
C77: =IF(D77="",0,VLOOKUP(D77,$Z70:$AB84,3,0)) -> 0 | F77: =IF(G77="",0,VLOOKUP(G77,$AA70:$AB84,2,0)) -> 0 | Y77: 8 | Z77: =VLOOKUP(CONCATENATE($D67," ",Y77),Setzlisten!$A:$E,5,0) -> #N/A | AA77: =VLOOKUP(CONCATENATE($D69," ",Y77),Setzlisten!$A:$E,5,0) -> #N/A | AB77: 8
A78: 3. Doppel 3rd Doubles | C78: =IF(D78="",0,VLOOKUP(D78,$Z70:$AB84,3,0)) -> 0 | F78: =IF(G78="",0,VLOOKUP(G78,$AA70:$AB84,2,0)) -> 0 | O78: =IF(I78="","",SUM(I78,K78,M78)) | P78: =IF(J78="","",SUM(J78,L78,N78)) | Q78: =IF(I78="","",IF(I78>J78,1,0)+IF(K78>L78,1,0)+IF(M78="",0,IF(M78>N78,1,0))) | R78: =IF(I78="","",IF(J78>I78,1,0)+IF(L78>K78,1,0)+IF(M78="",0,IF(N78>M78,1,0))) | S78: =IF(I78="","",IF(Q78>R78,1,0)) | T78: =IF(I78="","",IF(R78>Q78,1,0)) | V78: =C78+C79 -> 0 | W78: =F78+F79 -> 0 | Y78: 9 | Z78: =VLOOKUP(CONCATENATE($D67," ",Y78),Setzlisten!$A:$E,5,0) -> #N/A | AA78: =VLOOKUP(CONCATENATE($D69," ",Y78),Setzlisten!$A:$E,5,0) -> #N/A | AB78: 9
C79: =IF(D79="",0,VLOOKUP(D79,$Z70:$AB84,3,0)) -> 0 | F79: =IF(G79="",0,VLOOKUP(G79,$AA70:$AB84,2,0)) -> 0 | Y79: 10 | Z79: =VLOOKUP(CONCATENATE($D67," ",Y79),Setzlisten!$A:$E,5,0) -> #N/A | AA79: =VLOOKUP(CONCATENATE($D69," ",Y79),Setzlisten!$A:$E,5,0) -> #N/A | AB79: 10
A80: 1. Einzel 1st Singles | C80: =IF(D80="",0,VLOOKUP(D80,$Z70:$AB84,3,0)) -> 0 | F80: =IF(G80="",0,VLOOKUP(G80,$AA70:$AB84,2,0)) -> 0 | O80: =IF(I80="","",SUM(I80,K80,M80)) | P80: =IF(J80="","",SUM(J80,L80,N80)) | Q80: =IF(I80="","",IF(I80>J80,1,0)+IF(K80>L80,1,0)+IF(M80="",0,IF(M80>N80,1,0))) | R80: =IF(I80="","",IF(J80>I80,1,0)+IF(L80>K80,1,0)+IF(M80="",0,IF(N80>M80,1,0))) | S80: =IF(I80="","",IF(Q80>R80,1,0)) | T80: =IF(I80="","",IF(R80>Q80,1,0)) | V80: =C80 -> 0 | W80: =F80 -> 0 | Y80: 11 | Z80: =VLOOKUP(CONCATENATE($D67," ",Y80),Setzlisten!$A:$E,5,0) -> #N/A | AA80: =VLOOKUP(CONCATENATE($D69," ",Y80),Setzlisten!$A:$E,5,0) -> #N/A | AB80: 11
A81: 2. Einzel 2nd Singles | C81: =IF(D81="",0,VLOOKUP(D81,$Z70:$AB84,3,0)) -> 0 | F81: =IF(G81="",0,VLOOKUP(G81,$AA70:$AB84,2,0)) -> 0 | O81: =IF(I81="","",SUM(I81,K81,M81)) | P81: =IF(J81="","",SUM(J81,L81,N81)) | Q81: =IF(I81="","",IF(I81>J81,1,0)+IF(K81>L81,1,0)+IF(M81="",0,IF(M81>N81,1,0))) | R81: =IF(I81="","",IF(J81>I81,1,0)+IF(L81>K81,1,0)+IF(M81="",0,IF(N81>M81,1,0))) | S81: =IF(I81="","",IF(Q81>R81,1,0)) | T81: =IF(I81="","",IF(R81>Q81,1,0)) | V81: =C81 -> 0 | W81: =F81 -> 0 | Y81: 12 | Z81: =VLOOKUP(CONCATENATE($D67," ",Y81),Setzlisten!$A:$E,5,0) -> #N/A | AA81: =VLOOKUP(CONCATENATE($D69," ",Y81),Setzlisten!$A:$E,5,0) -> #N/A | AB81: 12
Y82: 13 | Z82: =VLOOKUP(CONCATENATE($D67," ",Y82),Setzlisten!$A:$E,5,0) -> #N/A | AA82: =VLOOKUP(CONCATENATE($D69," ",Y82),Setzlisten!$A:$E,5,0) -> #N/A | AB82: 13
A83: Ende (End): | C83: Sieger: Winner | E83: =IF(S83="","",IF(S83>T83,D67,D69)) | I83: Ergebnis: Result | O83: =IF(O74="","",SUM(O74:O81)) | P83: =IF(P74="","",SUM(P74:P81)) | Q83: =IF(Q74="","",SUM(Q74:Q81)) | R83: =IF(R74="","",SUM(R74:R81)) | S83: =IF(S74="","",SUM(S74:S81)) | T83: =IF(T74="","",SUM(T74:T81)) | Y83: 14 | Z83: =VLOOKUP(CONCATENATE($D67," ",Y83),Setzlisten!$A:$E,5,0) -> #N/A | AA83: =VLOOKUP(CONCATENATE($D69," ",Y83),Setzlisten!$A:$E,5,0) -> #N/A | AB83: 14
A84: =A53 -> 0.58333333 | Y84: 15 | Z84: =VLOOKUP(CONCATENATE($D67," ",Y84),Setzlisten!$A:$E,5,0) -> #N/A | AA84: =VLOOKUP(CONCATENATE($D69," ",Y84),Setzlisten!$A:$E,5,0) -> #N/A | AB84: 15
D86: Besondere Vorkommnisse: Noteworthy Events
A88: Die Richtigkeit der Angaben wird bescheinigt. Das Spiel hat unter Beachtung der Spielordnung stattgefunden. The accuracy of the information is certified. The match took place in accordance with the League and Match Rules.
A89: =Allgemeines!$B$3 -> Hamburg | E89: =Allgemeines!$B$4 -> 46023
A91: Ort (Place) | E91: Datum (Date) | G91: Gruppenkoordinator:in | J91: Kapitän:in Heimverein | P91: Kapitän:in Gastverein
G92: Group Coordinator | J92: Captain Home Club | P92: Captain Guest Club
G93: =Allgemeines!$D$2 -> George Washington | J93: =IF(D67="","",VLOOKUP(D67,Allgemeines!$B$7:$D$12,3,0)) | P93: =IF(D69="","",VLOOKUP(D69,Allgemeines!$B$7:$D$12,3,0))

Sheet 4.Begegnung
A1: Queere Badminton Liga | F1: =IF(V12>V14,CONCATENATE("Achtung! Teamreihenfolge ",D5," nicht richtig! 1. und 2. Doppel tauschen."),IF(V14>V16,CONCATENATE("Achtung! Teamreihenfolge ",D5," nicht richtig! 2. und 3. Doppel tauschen."),IF(AND(V18>=V19,V19>0),CONCATENATE("Achtung! Teamreihenfolge ",D5," nicht richtig! Beide Einzel tauschen."),IF(W12>W14,CONCATENATE("Achtung! Teamreihenfolge ",D7," nicht richtig! 1. und 2. Doppel tauschen."),IF(W14>W16,CONCATENATE("Achtung! Teamreihenfolge ",D7," nicht richtig! 2. und 3. Doppel tauschen."),IF(AND(W18>=W19,W19>0),CONCATENATE("Achtung! Teamreihenfolge ",D7," nicht richtig! Beide Einzel tauschen."),""))))))
A2: Spielberichtsbogen
A3: Match Report Sheet
A5: Heimteam: | L5: Gruppe: | M5: =Gruppe -> II
C6: Home team | L6: Group
A7: Gastteam: | J7: Austragungsort: | M7: =Austragungsort -> Sporthalle Berlin | Y7: Heimteam | AA7: Gastteam | AD7: Text für meinspielplan.de
C8: Guest team | L8: Venue | Y8: 1 | Z8: =VLOOKUP(CONCATENATE($D5," ",Y8),Setzlisten!$A:$E,5,0) -> #N/A | AA8: =VLOOKUP(CONCATENATE($D7," ",Y8),Setzlisten!$A:$E,5,0) -> #N/A | AB8: 1 | AD8: =CONCATENATE(A12,": ",D12," mit ",D13," - ",G12," mit ",G13,", ",I12,":",J12,", ",K12,":",L12,IF(M12="","",CONCATENATE(", ",M12,":",N12)),CHAR(10),A14,": ",D14," mit ",D15," - ",G14," mit ",G15,", ",I14,":",J14,", ",K14,":",L14,IF(M14="","",CONCATENATE(", ",M14,":",N14)),CHAR(10),A16,": ",D16," mit ",D17," - ",G16," mit ",G17,", ",I16,":",J16,", ",K16,":",L16,IF(M16="","",CONCATENATE(", ",M16,":",N16)),CHAR(10),A18,": ",D18," - ",G18,", ",I18,":",J18,", ",K18,":",L18,IF(M18="","",CONCATENATE(", ",M18,":",N18)),CHAR(10),A19,": ",D19," - ",G19,", ",I19,":",J19,", ",K19,":",L19,IF(M19="","",CONCATENATE(", ",M19,":",N19))) -> 1. Doppel 1st Doubles: mit - mit , :, : 2. Doppel 2nd Doubles: mit - mit , :, : 3. Doppel 3rd Doubles: mit - mit , :, : 1. Einzel 1st Singles: - , :, : 2. Einzel 2nd Singles: - , :, :
A9: Beginn: (Start) | C9: RL-Pos. | D9: Heimteam Home team | F9: RL-Pos. | G9: Gastteam Guest team | I9: 1. Satz 1st Game | K9: 2. Satz 2nd Game | M9: 3. Satz 3rd Game | O9: Punkte (Points) | Q9: Sätze (Games) | S9: Spiele (Matches) | V9: RL-Pos. Heim-team | W9: RL-Pos. Gast-team | Y9: 2 | Z9: =VLOOKUP(CONCATENATE($D5," ",Y9),Setzlisten!$A:$E,5,0) -> #N/A | AA9: =VLOOKUP(CONCATENATE($D7," ",Y9),Setzlisten!$A:$E,5,0) -> #N/A | AB9: 2
A10: =Allgemeines!G5 -> 0.58333333 | O10: Heim Home | P10: Gast Guest | Q10: Heim Home | R10: Gast Guest | S10: Heim Home | T10: Gast Guest | Y10: 3 | Z10: =VLOOKUP(CONCATENATE($D5," ",Y10),Setzlisten!$A:$E,5,0) -> #N/A | AA10: =VLOOKUP(CONCATENATE($D7," ",Y10),Setzlisten!$A:$E,5,0) -> #N/A | AB10: 3
Y11: 4 | Z11: =VLOOKUP(CONCATENATE($D5," ",Y11),Setzlisten!$A:$E,5,0) -> #N/A | AA11: =VLOOKUP(CONCATENATE($D7," ",Y11),Setzlisten!$A:$E,5,0) -> #N/A | AB11: 4
A12: 1. Doppel 1st Doubles | C12: =IF(D12="",0,VLOOKUP(D12,$Z8:$AB22,3,0)) -> 0 | F12: =IF(G12="",0,VLOOKUP(G12,$AA8:$AB22,2,0)) -> 0 | O12: =IF(I12="","",SUM(I12,K12,M12)) | P12: =IF(J12="","",SUM(J12,L12,N12)) | Q12: =IF(I12="","",IF(I12>J12,1,0)+IF(K12>L12,1,0)+IF(M12="",0,IF(M12>N12,1,0))) | R12: =IF(I12="","",IF(J12>I12,1,0)+IF(L12>K12,1,0)+IF(M12="",0,IF(N12>M12,1,0))) | S12: =IF(I12="","",IF(Q12>R12,1,0)) | T12: =IF(I12="","",IF(R12>Q12,1,0)) | V12: =C12+C13 -> 0 | W12: =F12+F13 -> 0 | Y12: 5 | Z12: =VLOOKUP(CONCATENATE($D5," ",Y12),Setzlisten!$A:$E,5,0) -> #N/A | AA12: =VLOOKUP(CONCATENATE($D7," ",Y12),Setzlisten!$A:$E,5,0) -> #N/A | AB12: 5
C13: =IF(D13="",0,VLOOKUP(D13,$Z8:$AB22,3,0)) -> 0 | F13: =IF(G13="",0,VLOOKUP(G13,$AA8:$AB22,2,0)) -> 0 | Y13: 6 | Z13: =VLOOKUP(CONCATENATE($D5," ",Y13),Setzlisten!$A:$E,5,0) -> #N/A | AA13: =VLOOKUP(CONCATENATE($D7," ",Y13),Setzlisten!$A:$E,5,0) -> #N/A | AB13: 6
A14: 2. Doppel 2nd Doubles | C14: =IF(D14="",0,VLOOKUP(D14,$Z8:$AB22,3,0)) -> 0 | F14: =IF(G14="",0,VLOOKUP(G14,$AA8:$AB22,2,0)) -> 0 | O14: =IF(I14="","",SUM(I14,K14,M14)) | P14: =IF(J14="","",SUM(J14,L14,N14)) | Q14: =IF(I14="","",IF(I14>J14,1,0)+IF(K14>L14,1,0)+IF(M14="",0,IF(M14>N14,1,0))) | R14: =IF(I14="","",IF(J14>I14,1,0)+IF(L14>K14,1,0)+IF(M14="",0,IF(N14>M14,1,0))) | S14: =IF(I14="","",IF(Q14>R14,1,0)) | T14: =IF(I14="","",IF(R14>Q14,1,0)) | V14: =C14+C15 -> 0 | W14: =F14+F15 -> 0 | Y14: 7 | Z14: =VLOOKUP(CONCATENATE($D5," ",Y14),Setzlisten!$A:$E,5,0) -> #N/A | AA14: =VLOOKUP(CONCATENATE($D7," ",Y14),Setzlisten!$A:$E,5,0) -> #N/A | AB14: 7 | AD14: ↑ Zelle kopieren ↓ nur "Werte" unten einfügen
C15: =IF(D15="",0,VLOOKUP(D15,$Z8:$AB22,3,0)) -> 0 | F15: =IF(G15="",0,VLOOKUP(G15,$AA8:$AB22,2,0)) -> 0 | Y15: 8 | Z15: =VLOOKUP(CONCATENATE($D5," ",Y15),Setzlisten!$A:$E,5,0) -> #N/A | AA15: =VLOOKUP(CONCATENATE($D7," ",Y15),Setzlisten!$A:$E,5,0) -> #N/A | AB15: 8
A16: 3. Doppel 3rd Doubles | C16: =IF(D16="",0,VLOOKUP(D16,$Z8:$AB22,3,0)) -> 0 | F16: =IF(G16="",0,VLOOKUP(G16,$AA8:$AB22,2,0)) -> 0 | O16: =IF(I16="","",SUM(I16,K16,M16)) | P16: =IF(J16="","",SUM(J16,L16,N16)) | Q16: =IF(I16="","",IF(I16>J16,1,0)+IF(K16>L16,1,0)+IF(M16="",0,IF(M16>N16,1,0))) | R16: =IF(I16="","",IF(J16>I16,1,0)+IF(L16>K16,1,0)+IF(M16="",0,IF(N16>M16,1,0))) | S16: =IF(I16="","",IF(Q16>R16,1,0)) | T16: =IF(I16="","",IF(R16>Q16,1,0)) | V16: =C16+C17 -> 0 | W16: =F16+F17 -> 0 | Y16: 9 | Z16: =VLOOKUP(CONCATENATE($D5," ",Y16),Setzlisten!$A:$E,5,0) -> #N/A | AA16: =VLOOKUP(CONCATENATE($D7," ",Y16),Setzlisten!$A:$E,5,0) -> #N/A | AB16: 9
C17: =IF(D17="",0,VLOOKUP(D17,$Z8:$AB22,3,0)) -> 0 | F17: =IF(G17="",0,VLOOKUP(G17,$AA8:$AB22,2,0)) -> 0 | Y17: 10 | Z17: =VLOOKUP(CONCATENATE($D5," ",Y17),Setzlisten!$A:$E,5,0) -> #N/A | AA17: =VLOOKUP(CONCATENATE($D7," ",Y17),Setzlisten!$A:$E,5,0) -> #N/A | AB17: 10
A18: 1. Einzel 1st Singles | C18: =IF(D18="",0,VLOOKUP(D18,$Z8:$AB22,3,0)) -> 0 | F18: =IF(G18="",0,VLOOKUP(G18,$AA8:$AB22,2,0)) -> 0 | O18: =IF(I18="","",SUM(I18,K18,M18)) | P18: =IF(J18="","",SUM(J18,L18,N18)) | Q18: =IF(I18="","",IF(I18>J18,1,0)+IF(K18>L18,1,0)+IF(M18="",0,IF(M18>N18,1,0))) | R18: =IF(I18="","",IF(J18>I18,1,0)+IF(L18>K18,1,0)+IF(M18="",0,IF(N18>M18,1,0))) | S18: =IF(I18="","",IF(Q18>R18,1,0)) | T18: =IF(I18="","",IF(R18>Q18,1,0)) | V18: =C18 -> 0 | W18: =F18 -> 0 | Y18: 11 | Z18: =VLOOKUP(CONCATENATE($D5," ",Y18),Setzlisten!$A:$E,5,0) -> #N/A | AA18: =VLOOKUP(CONCATENATE($D7," ",Y18),Setzlisten!$A:$E,5,0) -> #N/A | AB18: 11
A19: 2. Einzel 2nd Singles | C19: =IF(D19="",0,VLOOKUP(D19,$Z8:$AB22,3,0)) -> 0 | F19: =IF(G19="",0,VLOOKUP(G19,$AA8:$AB22,2,0)) -> 0 | O19: =IF(I19="","",SUM(I19,K19,M19)) | P19: =IF(J19="","",SUM(J19,L19,N19)) | Q19: =IF(I19="","",IF(I19>J19,1,0)+IF(K19>L19,1,0)+IF(M19="",0,IF(M19>N19,1,0))) | R19: =IF(I19="","",IF(J19>I19,1,0)+IF(L19>K19,1,0)+IF(M19="",0,IF(N19>M19,1,0))) | S19: =IF(I19="","",IF(Q19>R19,1,0)) | T19: =IF(I19="","",IF(R19>Q19,1,0)) | V19: =C19 -> 0 | W19: =F19 -> 0 | Y19: 12 | Z19: =VLOOKUP(CONCATENATE($D5," ",Y19),Setzlisten!$A:$E,5,0) -> #N/A | AA19: =VLOOKUP(CONCATENATE($D7," ",Y19),Setzlisten!$A:$E,5,0) -> #N/A | AB19: 12
Y20: 13 | Z20: =VLOOKUP(CONCATENATE($D5," ",Y20),Setzlisten!$A:$E,5,0) -> #N/A | AA20: =VLOOKUP(CONCATENATE($D7," ",Y20),Setzlisten!$A:$E,5,0) -> #N/A | AB20: 13
A21: Ende (End): | C21: Sieger: Winner | E21: =IF(S21="","",IF(S21>T21,D5,D7)) | I21: Ergebnis: Result | O21: =IF(O12="","",SUM(O12:O19)) | P21: =IF(P12="","",SUM(P12:P19)) | Q21: =IF(Q12="","",SUM(Q12:Q19)) | R21: =IF(R12="","",SUM(R12:R19)) | S21: =IF(S12="","",SUM(S12:S19)) | T21: =IF(T12="","",SUM(T12:T19)) | Y21: 14 | Z21: =VLOOKUP(CONCATENATE($D5," ",Y21),Setzlisten!$A:$E,5,0) -> #N/A | AA21: =VLOOKUP(CONCATENATE($D7," ",Y21),Setzlisten!$A:$E,5,0) -> #N/A | AB21: 14
A22: =Allgemeines!H5 -> 0.64583333 | Y22: 15 | Z22: =VLOOKUP(CONCATENATE($D5," ",Y22),Setzlisten!$A:$E,5,0) -> #N/A | AA22: =VLOOKUP(CONCATENATE($D7," ",Y22),Setzlisten!$A:$E,5,0) -> #N/A | AB22: 15
D24: Besondere Vorkommnisse: Noteworthy Events
A26: Die Richtigkeit der Angaben wird bescheinigt. Das Spiel hat unter Beachtung der Spielordnung stattgefunden. The accuracy of the information is certified. The match took place in accordance with the League and Match Rules.
A27: =Allgemeines!$B$3 -> Hamburg | E27: =Allgemeines!$B$4 -> 46023
A29: Ort (Place) | E29: Datum (Date) | G29: Gruppenkoordinator:in | J29: Kapitän:in Heimverein | P29: Kapitän:in Gastverein
G30: Group Coordinator | J30: Captain Home Club | P30: Captain Guest Club
G31: =Allgemeines!$D$2 -> George Washington | J31: =IF(D5="","",VLOOKUP(D5,Allgemeines!$B$7:$D$12,3,0)) | P31: =IF(D7="","",VLOOKUP(D7,Allgemeines!$B$7:$D$12,3,0))
A32: Queere Badminton Liga | F32: =IF(V43>V45,CONCATENATE("Achtung! Teamreihenfolge ",D36," nicht richtig! 1. und 2. Doppel tauschen."),IF(V45>V47,CONCATENATE("Achtung! Teamreihenfolge ",D36," nicht richtig! 2. und 3. Doppel tauschen."),IF(AND(V49>=V50,V50>0),CONCATENATE("Achtung! Teamreihenfolge ",D36," nicht richtig! Beide Einzel tauschen."),IF(W43>W45,CONCATENATE("Achtung! Teamreihenfolge ",D38," nicht richtig! 1. und 2. Doppel tauschen."),IF(W45>W47,CONCATENATE("Achtung! Teamreihenfolge ",D38," nicht richtig! 2. und 3. Doppel tauschen."),IF(AND(W49>=W50,W50>0),CONCATENATE("Achtung! Teamreihenfolge ",D38," nicht richtig! Beide Einzel tauschen."),""))))))
A33: Spielberichtsbogen
A34: Match Report Sheet
A36: Heimteam: | L36: Gruppe: | M36: =Gruppe -> II
C37: Home team | L37: Group
A38: Gastteam: | J38: Austragungsort: | M38: =Austragungsort -> Sporthalle Berlin | Y38: Heimteam | AA38: Gastteam | AD38: Text für meinspielplan.de
C39: Guest team | L39: Venue | Y39: 1 | Z39: =VLOOKUP(CONCATENATE($D36," ",Y39),Setzlisten!$A:$E,5,0) -> #N/A | AA39: =VLOOKUP(CONCATENATE($D38," ",Y39),Setzlisten!$A:$E,5,0) -> #N/A | AB39: 1 | AD39: =CONCATENATE(A43,": ",D43," mit ",D44," - ",G43," mit ",G44,", ",I43,":",J43,", ",K43,":",L43,IF(M43="","",CONCATENATE(", ",M43,":",N43)),CHAR(10),A45,": ",D45," mit ",D46," - ",G45," mit ",G46,", ",I45,":",J45,", ",K45,":",L45,IF(M45="","",CONCATENATE(", ",M45,":",N45)),CHAR(10),A47,": ",D47," mit ",D48," - ",G47," mit ",G48,", ",I47,":",J47,", ",K47,":",L47,IF(M47="","",CONCATENATE(", ",M47,":",N47)),CHAR(10),A49,": ",D49," - ",G49,", ",I49,":",J49,", ",K49,":",L49,IF(M49="","",CONCATENATE(", ",M49,":",N49)),CHAR(10),A50,": ",D50," - ",G50,", ",I50,":",J50,", ",K50,":",L50,IF(M50="","",CONCATENATE(", ",M50,":",N50))) -> 1. Doppel 1st Doubles: mit - mit , :, : 2. Doppel 2nd Doubles: mit - mit , :, : 3. Doppel 3rd Doubles: mit - mit , :, : 1. Einzel 1st Singles: - , :, : 2. Einzel 2nd Singles: - , :, :
A40: Beginn: (Start) | C40: RL-Pos. | D40: Heimteam Home team | F40: RL-Pos. | G40: Gastteam Guest team | I40: 1. Satz 1st Game | K40: 2. Satz 2nd Game | M40: 3. Satz 3rd Game | O40: Punkte (Points) | Q40: Sätze (Games) | S40: Spiele (Matches) | V40: RL-Pos. Heim-team | W40: RL-Pos. Gast-team | Y40: 2 | Z40: =VLOOKUP(CONCATENATE($D36," ",Y40),Setzlisten!$A:$E,5,0) -> #N/A | AA40: =VLOOKUP(CONCATENATE($D38," ",Y40),Setzlisten!$A:$E,5,0) -> #N/A | AB40: 2
A41: =A10 -> 0.58333333 | O41: Heim Home | P41: Gast Guest | Q41: Heim Home | R41: Gast Guest | S41: Heim Home | T41: Gast Guest | Y41: 3 | Z41: =VLOOKUP(CONCATENATE($D36," ",Y41),Setzlisten!$A:$E,5,0) -> #N/A | AA41: =VLOOKUP(CONCATENATE($D38," ",Y41),Setzlisten!$A:$E,5,0) -> #N/A | AB41: 3
Y42: 4 | Z42: =VLOOKUP(CONCATENATE($D36," ",Y42),Setzlisten!$A:$E,5,0) -> #N/A | AA42: =VLOOKUP(CONCATENATE($D38," ",Y42),Setzlisten!$A:$E,5,0) -> #N/A | AB42: 4
A43: 1. Doppel 1st Doubles | C43: =IF(D43="",0,VLOOKUP(D43,$Z39:$AB53,3,0)) -> 0 | F43: =IF(G43="",0,VLOOKUP(G43,$AA39:$AB53,2,0)) -> 0 | O43: =IF(I43="","",SUM(I43,K43,M43)) | P43: =IF(J43="","",SUM(J43,L43,N43)) | Q43: =IF(I43="","",IF(I43>J43,1,0)+IF(K43>L43,1,0)+IF(M43="",0,IF(M43>N43,1,0))) | R43: =IF(I43="","",IF(J43>I43,1,0)+IF(L43>K43,1,0)+IF(M43="",0,IF(N43>M43,1,0))) | S43: =IF(I43="","",IF(Q43>R43,1,0)) | T43: =IF(I43="","",IF(R43>Q43,1,0)) | V43: =C43+C44 -> 0 | W43: =F43+F44 -> 0 | Y43: 5 | Z43: =VLOOKUP(CONCATENATE($D36," ",Y43),Setzlisten!$A:$E,5,0) -> #N/A | AA43: =VLOOKUP(CONCATENATE($D38," ",Y43),Setzlisten!$A:$E,5,0) -> #N/A | AB43: 5
C44: =IF(D44="",0,VLOOKUP(D44,$Z39:$AB53,3,0)) -> 0 | F44: =IF(G44="",0,VLOOKUP(G44,$AA39:$AB53,2,0)) -> 0 | Y44: 6 | Z44: =VLOOKUP(CONCATENATE($D36," ",Y44),Setzlisten!$A:$E,5,0) -> #N/A | AA44: =VLOOKUP(CONCATENATE($D38," ",Y44),Setzlisten!$A:$E,5,0) -> #N/A | AB44: 6
A45: 2. Doppel 2nd Doubles | C45: =IF(D45="",0,VLOOKUP(D45,$Z39:$AB53,3,0)) -> 0 | F45: =IF(G45="",0,VLOOKUP(G45,$AA39:$AB53,2,0)) -> 0 | O45: =IF(I45="","",SUM(I45,K45,M45)) | P45: =IF(J45="","",SUM(J45,L45,N45)) | Q45: =IF(I45="","",IF(I45>J45,1,0)+IF(K45>L45,1,0)+IF(M45="",0,IF(M45>N45,1,0))) | R45: =IF(I45="","",IF(J45>I45,1,0)+IF(L45>K45,1,0)+IF(M45="",0,IF(N45>M45,1,0))) | S45: =IF(I45="","",IF(Q45>R45,1,0)) | T45: =IF(I45="","",IF(R45>Q45,1,0)) | V45: =C45+C46 -> 0 | W45: =F45+F46 -> 0 | Y45: 7 | Z45: =VLOOKUP(CONCATENATE($D36," ",Y45),Setzlisten!$A:$E,5,0) -> #N/A | AA45: =VLOOKUP(CONCATENATE($D38," ",Y45),Setzlisten!$A:$E,5,0) -> #N/A | AB45: 7 | AD45: ↑ Zelle kopieren ↓ nur "Werte" unten einfügen
C46: =IF(D46="",0,VLOOKUP(D46,$Z39:$AB53,3,0)) -> 0 | F46: =IF(G46="",0,VLOOKUP(G46,$AA39:$AB53,2,0)) -> 0 | Y46: 8 | Z46: =VLOOKUP(CONCATENATE($D36," ",Y46),Setzlisten!$A:$E,5,0) -> #N/A | AA46: =VLOOKUP(CONCATENATE($D38," ",Y46),Setzlisten!$A:$E,5,0) -> #N/A | AB46: 8
A47: 3. Doppel 3rd Doubles | C47: =IF(D47="",0,VLOOKUP(D47,$Z39:$AB53,3,0)) -> 0 | F47: =IF(G47="",0,VLOOKUP(G47,$AA39:$AB53,2,0)) -> 0 | O47: =IF(I47="","",SUM(I47,K47,M47)) | P47: =IF(J47="","",SUM(J47,L47,N47)) | Q47: =IF(I47="","",IF(I47>J47,1,0)+IF(K47>L47,1,0)+IF(M47="",0,IF(M47>N47,1,0))) | R47: =IF(I47="","",IF(J47>I47,1,0)+IF(L47>K47,1,0)+IF(M47="",0,IF(N47>M47,1,0))) | S47: =IF(I47="","",IF(Q47>R47,1,0)) | T47: =IF(I47="","",IF(R47>Q47,1,0)) | V47: =C47+C48 -> 0 | W47: =F47+F48 -> 0 | Y47: 9 | Z47: =VLOOKUP(CONCATENATE($D36," ",Y47),Setzlisten!$A:$E,5,0) -> #N/A | AA47: =VLOOKUP(CONCATENATE($D38," ",Y47),Setzlisten!$A:$E,5,0) -> #N/A | AB47: 9
C48: =IF(D48="",0,VLOOKUP(D48,$Z39:$AB53,3,0)) -> 0 | F48: =IF(G48="",0,VLOOKUP(G48,$AA39:$AB53,2,0)) -> 0 | Y48: 10 | Z48: =VLOOKUP(CONCATENATE($D36," ",Y48),Setzlisten!$A:$E,5,0) -> #N/A | AA48: =VLOOKUP(CONCATENATE($D38," ",Y48),Setzlisten!$A:$E,5,0) -> #N/A | AB48: 10
A49: 1. Einzel 1st Singles | C49: =IF(D49="",0,VLOOKUP(D49,$Z39:$AB53,3,0)) -> 0 | F49: =IF(G49="",0,VLOOKUP(G49,$AA39:$AB53,2,0)) -> 0 | O49: =IF(I49="","",SUM(I49,K49,M49)) | P49: =IF(J49="","",SUM(J49,L49,N49)) | Q49: =IF(I49="","",IF(I49>J49,1,0)+IF(K49>L49,1,0)+IF(M49="",0,IF(M49>N49,1,0))) | R49: =IF(I49="","",IF(J49>I49,1,0)+IF(L49>K49,1,0)+IF(M49="",0,IF(N49>M49,1,0))) | S49: =IF(I49="","",IF(Q49>R49,1,0)) | T49: =IF(I49="","",IF(R49>Q49,1,0)) | V49: =C49 -> 0 | W49: =F49 -> 0 | Y49: 11 | Z49: =VLOOKUP(CONCATENATE($D36," ",Y49),Setzlisten!$A:$E,5,0) -> #N/A | AA49: =VLOOKUP(CONCATENATE($D38," ",Y49),Setzlisten!$A:$E,5,0) -> #N/A | AB49: 11
A50: 2. Einzel 2nd Singles | C50: =IF(D50="",0,VLOOKUP(D50,$Z39:$AB53,3,0)) -> 0 | F50: =IF(G50="",0,VLOOKUP(G50,$AA39:$AB53,2,0)) -> 0 | O50: =IF(I50="","",SUM(I50,K50,M50)) | P50: =IF(J50="","",SUM(J50,L50,N50)) | Q50: =IF(I50="","",IF(I50>J50,1,0)+IF(K50>L50,1,0)+IF(M50="",0,IF(M50>N50,1,0))) | R50: =IF(I50="","",IF(J50>I50,1,0)+IF(L50>K50,1,0)+IF(M50="",0,IF(N50>M50,1,0))) | S50: =IF(I50="","",IF(Q50>R50,1,0)) | T50: =IF(I50="","",IF(R50>Q50,1,0)) | V50: =C50 -> 0 | W50: =F50 -> 0 | Y50: 12 | Z50: =VLOOKUP(CONCATENATE($D36," ",Y50),Setzlisten!$A:$E,5,0) -> #N/A | AA50: =VLOOKUP(CONCATENATE($D38," ",Y50),Setzlisten!$A:$E,5,0) -> #N/A | AB50: 12
Y51: 13 | Z51: =VLOOKUP(CONCATENATE($D36," ",Y51),Setzlisten!$A:$E,5,0) -> #N/A | AA51: =VLOOKUP(CONCATENATE($D38," ",Y51),Setzlisten!$A:$E,5,0) -> #N/A | AB51: 13
A52: Ende (End): | C52: Sieger: Winner | E52: =IF(S52="","",IF(S52>T52,D36,D38)) | I52: Ergebnis: Result | O52: =IF(O43="","",SUM(O43:O50)) | P52: =IF(P43="","",SUM(P43:P50)) | Q52: =IF(Q43="","",SUM(Q43:Q50)) | R52: =IF(R43="","",SUM(R43:R50)) | S52: =IF(S43="","",SUM(S43:S50)) | T52: =IF(T43="","",SUM(T43:T50)) | Y52: 14 | Z52: =VLOOKUP(CONCATENATE($D36," ",Y52),Setzlisten!$A:$E,5,0) -> #N/A | AA52: =VLOOKUP(CONCATENATE($D38," ",Y52),Setzlisten!$A:$E,5,0) -> #N/A | AB52: 14
A53: =A22 -> 0.64583333 | Y53: 15 | Z53: =VLOOKUP(CONCATENATE($D36," ",Y53),Setzlisten!$A:$E,5,0) -> #N/A | AA53: =VLOOKUP(CONCATENATE($D38," ",Y53),Setzlisten!$A:$E,5,0) -> #N/A | AB53: 15
D55: Besondere Vorkommnisse: Noteworthy Events
A57: Die Richtigkeit der Angaben wird bescheinigt. Das Spiel hat unter Beachtung der Spielordnung stattgefunden. The accuracy of the information is certified. The match took place in accordance with the League and Match Rules.
A58: =Allgemeines!$B$3 -> Hamburg | E58: =Allgemeines!$B$4 -> 46023
A60: Ort (Place) | E60: Datum (Date) | G60: Gruppenkoordinator:in | J60: Kapitän:in Heimverein | P60: Kapitän:in Gastverein
G61: Group Coordinator | J61: Captain Home Club | P61: Captain Guest Club
G62: =Allgemeines!$D$2 -> George Washington | J62: =IF(D36="","",VLOOKUP(D36,Allgemeines!$B$7:$D$12,3,0)) | P62: =IF(D38="","",VLOOKUP(D38,Allgemeines!$B$7:$D$12,3,0))
A63: Queere Badminton Liga | F63: =IF(V74>V76,CONCATENATE("Achtung! Teamreihenfolge ",D67," nicht richtig! 1. und 2. Doppel tauschen."),IF(V76>V78,CONCATENATE("Achtung! Teamreihenfolge ",D67," nicht richtig! 2. und 3. Doppel tauschen."),IF(AND(V80>=V81,V81>0),CONCATENATE("Achtung! Teamreihenfolge ",D67," nicht richtig! Beide Einzel tauschen."),IF(W74>W76,CONCATENATE("Achtung! Teamreihenfolge ",D69," nicht richtig! 1. und 2. Doppel tauschen."),IF(W76>W78,CONCATENATE("Achtung! Teamreihenfolge ",D69," nicht richtig! 2. und 3. Doppel tauschen."),IF(AND(W80>=W81,W81>0),CONCATENATE("Achtung! Teamreihenfolge ",D69," nicht richtig! Beide Einzel tauschen."),""))))))
A64: Spielberichtsbogen
A65: Match Report Sheet
A67: Heimteam: | L67: Gruppe: | M67: =Gruppe -> II
C68: Home team | L68: Group
A69: Gastteam: | J69: Austragungsort: | M69: =Austragungsort -> Sporthalle Berlin | Y69: Heimteam | AA69: Gastteam | AD69: Text für meinspielplan.de
C70: Guest team | L70: Venue | Y70: 1 | Z70: =VLOOKUP(CONCATENATE($D67," ",Y70),Setzlisten!$A:$E,5,0) -> #N/A | AA70: =VLOOKUP(CONCATENATE($D69," ",Y70),Setzlisten!$A:$E,5,0) -> #N/A | AB70: 1 | AD70: =CONCATENATE(A74,": ",D74," mit ",D75," - ",G74," mit ",G75,", ",I74,":",J74,", ",K74,":",L74,IF(M74="","",CONCATENATE(", ",M74,":",N74)),CHAR(10),A76,": ",D76," mit ",D77," - ",G76," mit ",G77,", ",I76,":",J76,", ",K76,":",L76,IF(M76="","",CONCATENATE(", ",M76,":",N76)),CHAR(10),A78,": ",D78," mit ",D79," - ",G78," mit ",G79,", ",I78,":",J78,", ",K78,":",L78,IF(M78="","",CONCATENATE(", ",M78,":",N78)),CHAR(10),A80,": ",D80," - ",G80,", ",I80,":",J80,", ",K80,":",L80,IF(M80="","",CONCATENATE(", ",M80,":",N80)),CHAR(10),A81,": ",D81," - ",G81,", ",I81,":",J81,", ",K81,":",L81,IF(M81="","",CONCATENATE(", ",M81,":",N81))) -> 1. Doppel 1st Doubles: mit - mit , :, : 2. Doppel 2nd Doubles: mit - mit , :, : 3. Doppel 3rd Doubles: mit - mit , :, : 1. Einzel 1st Singles: - , :, : 2. Einzel 2nd Singles: - , :, :
A71: Beginn: (Start) | C71: RL-Pos. | D71: Heimteam Home team | F71: RL-Pos. | G71: Gastteam Guest team | I71: 1. Satz 1st Game | K71: 2. Satz 2nd Game | M71: 3. Satz 3rd Game | O71: Punkte (Points) | Q71: Sätze (Games) | S71: Spiele (Matches) | V71: RL-Pos. Heim-team | W71: RL-Pos. Gast-team | Y71: 2 | Z71: =VLOOKUP(CONCATENATE($D67," ",Y71),Setzlisten!$A:$E,5,0) -> #N/A | AA71: =VLOOKUP(CONCATENATE($D69," ",Y71),Setzlisten!$A:$E,5,0) -> #N/A | AB71: 2
A72: =A41 -> 0.58333333 | O72: Heim Home | P72: Gast Guest | Q72: Heim Home | R72: Gast Guest | S72: Heim Home | T72: Gast Guest | Y72: 3 | Z72: =VLOOKUP(CONCATENATE($D67," ",Y72),Setzlisten!$A:$E,5,0) -> #N/A | AA72: =VLOOKUP(CONCATENATE($D69," ",Y72),Setzlisten!$A:$E,5,0) -> #N/A | AB72: 3
Y73: 4 | Z73: =VLOOKUP(CONCATENATE($D67," ",Y73),Setzlisten!$A:$E,5,0) -> #N/A | AA73: =VLOOKUP(CONCATENATE($D69," ",Y73),Setzlisten!$A:$E,5,0) -> #N/A | AB73: 4
A74: 1. Doppel 1st Doubles | C74: =IF(D74="",0,VLOOKUP(D74,$Z70:$AB84,3,0)) -> 0 | F74: =IF(G74="",0,VLOOKUP(G74,$AA70:$AB84,2,0)) -> 0 | O74: =IF(I74="","",SUM(I74,K74,M74)) | P74: =IF(J74="","",SUM(J74,L74,N74)) | Q74: =IF(I74="","",IF(I74>J74,1,0)+IF(K74>L74,1,0)+IF(M74="",0,IF(M74>N74,1,0))) | R74: =IF(I74="","",IF(J74>I74,1,0)+IF(L74>K74,1,0)+IF(M74="",0,IF(N74>M74,1,0))) | S74: =IF(I74="","",IF(Q74>R74,1,0)) | T74: =IF(I74="","",IF(R74>Q74,1,0)) | V74: =C74+C75 -> 0 | W74: =F74+F75 -> 0 | Y74: 5 | Z74: =VLOOKUP(CONCATENATE($D67," ",Y74),Setzlisten!$A:$E,5,0) -> #N/A | AA74: =VLOOKUP(CONCATENATE($D69," ",Y74),Setzlisten!$A:$E,5,0) -> #N/A | AB74: 5
C75: =IF(D75="",0,VLOOKUP(D75,$Z70:$AB84,3,0)) -> 0 | F75: =IF(G75="",0,VLOOKUP(G75,$AA70:$AB84,2,0)) -> 0 | Y75: 6 | Z75: =VLOOKUP(CONCATENATE($D67," ",Y75),Setzlisten!$A:$E,5,0) -> #N/A | AA75: =VLOOKUP(CONCATENATE($D69," ",Y75),Setzlisten!$A:$E,5,0) -> #N/A | AB75: 6
A76: 2. Doppel 2nd Doubles | C76: =IF(D76="",0,VLOOKUP(D76,$Z70:$AB84,3,0)) -> 0 | F76: =IF(G76="",0,VLOOKUP(G76,$AA70:$AB84,2,0)) -> 0 | O76: =IF(I76="","",SUM(I76,K76,M76)) | P76: =IF(J76="","",SUM(J76,L76,N76)) | Q76: =IF(I76="","",IF(I76>J76,1,0)+IF(K76>L76,1,0)+IF(M76="",0,IF(M76>N76,1,0))) | R76: =IF(I76="","",IF(J76>I76,1,0)+IF(L76>K76,1,0)+IF(M76="",0,IF(N76>M76,1,0))) | S76: =IF(I76="","",IF(Q76>R76,1,0)) | T76: =IF(I76="","",IF(R76>Q76,1,0)) | V76: =C76+C77 -> 0 | W76: =F76+F77 -> 0 | Y76: 7 | Z76: =VLOOKUP(CONCATENATE($D67," ",Y76),Setzlisten!$A:$E,5,0) -> #N/A | AA76: =VLOOKUP(CONCATENATE($D69," ",Y76),Setzlisten!$A:$E,5,0) -> #N/A | AB76: 7 | AD76: ↑ Zelle kopieren ↓ nur "Werte" unten einfügen
C77: =IF(D77="",0,VLOOKUP(D77,$Z70:$AB84,3,0)) -> 0 | F77: =IF(G77="",0,VLOOKUP(G77,$AA70:$AB84,2,0)) -> 0 | Y77: 8 | Z77: =VLOOKUP(CONCATENATE($D67," ",Y77),Setzlisten!$A:$E,5,0) -> #N/A | AA77: =VLOOKUP(CONCATENATE($D69," ",Y77),Setzlisten!$A:$E,5,0) -> #N/A | AB77: 8
A78: 3. Doppel 3rd Doubles | C78: =IF(D78="",0,VLOOKUP(D78,$Z70:$AB84,3,0)) -> 0 | F78: =IF(G78="",0,VLOOKUP(G78,$AA70:$AB84,2,0)) -> 0 | O78: =IF(I78="","",SUM(I78,K78,M78)) | P78: =IF(J78="","",SUM(J78,L78,N78)) | Q78: =IF(I78="","",IF(I78>J78,1,0)+IF(K78>L78,1,0)+IF(M78="",0,IF(M78>N78,1,0))) | R78: =IF(I78="","",IF(J78>I78,1,0)+IF(L78>K78,1,0)+IF(M78="",0,IF(N78>M78,1,0))) | S78: =IF(I78="","",IF(Q78>R78,1,0)) | T78: =IF(I78="","",IF(R78>Q78,1,0)) | V78: =C78+C79 -> 0 | W78: =F78+F79 -> 0 | Y78: 9 | Z78: =VLOOKUP(CONCATENATE($D67," ",Y78),Setzlisten!$A:$E,5,0) -> #N/A | AA78: =VLOOKUP(CONCATENATE($D69," ",Y78),Setzlisten!$A:$E,5,0) -> #N/A | AB78: 9
C79: =IF(D79="",0,VLOOKUP(D79,$Z70:$AB84,3,0)) -> 0 | F79: =IF(G79="",0,VLOOKUP(G79,$AA70:$AB84,2,0)) -> 0 | Y79: 10 | Z79: =VLOOKUP(CONCATENATE($D67," ",Y79),Setzlisten!$A:$E,5,0) -> #N/A | AA79: =VLOOKUP(CONCATENATE($D69," ",Y79),Setzlisten!$A:$E,5,0) -> #N/A | AB79: 10
A80: 1. Einzel 1st Singles | C80: =IF(D80="",0,VLOOKUP(D80,$Z70:$AB84,3,0)) -> 0 | F80: =IF(G80="",0,VLOOKUP(G80,$AA70:$AB84,2,0)) -> 0 | O80: =IF(I80="","",SUM(I80,K80,M80)) | P80: =IF(J80="","",SUM(J80,L80,N80)) | Q80: =IF(I80="","",IF(I80>J80,1,0)+IF(K80>L80,1,0)+IF(M80="",0,IF(M80>N80,1,0))) | R80: =IF(I80="","",IF(J80>I80,1,0)+IF(L80>K80,1,0)+IF(M80="",0,IF(N80>M80,1,0))) | S80: =IF(I80="","",IF(Q80>R80,1,0)) | T80: =IF(I80="","",IF(R80>Q80,1,0)) | V80: =C80 -> 0 | W80: =F80 -> 0 | Y80: 11 | Z80: =VLOOKUP(CONCATENATE($D67," ",Y80),Setzlisten!$A:$E,5,0) -> #N/A | AA80: =VLOOKUP(CONCATENATE($D69," ",Y80),Setzlisten!$A:$E,5,0) -> #N/A | AB80: 11
A81: 2. Einzel 2nd Singles | C81: =IF(D81="",0,VLOOKUP(D81,$Z70:$AB84,3,0)) -> 0 | F81: =IF(G81="",0,VLOOKUP(G81,$AA70:$AB84,2,0)) -> 0 | O81: =IF(I81="","",SUM(I81,K81,M81)) | P81: =IF(J81="","",SUM(J81,L81,N81)) | Q81: =IF(I81="","",IF(I81>J81,1,0)+IF(K81>L81,1,0)+IF(M81="",0,IF(M81>N81,1,0))) | R81: =IF(I81="","",IF(J81>I81,1,0)+IF(L81>K81,1,0)+IF(M81="",0,IF(N81>M81,1,0))) | S81: =IF(I81="","",IF(Q81>R81,1,0)) | T81: =IF(I81="","",IF(R81>Q81,1,0)) | V81: =C81 -> 0 | W81: =F81 -> 0 | Y81: 12 | Z81: =VLOOKUP(CONCATENATE($D67," ",Y81),Setzlisten!$A:$E,5,0) -> #N/A | AA81: =VLOOKUP(CONCATENATE($D69," ",Y81),Setzlisten!$A:$E,5,0) -> #N/A | AB81: 12
Y82: 13 | Z82: =VLOOKUP(CONCATENATE($D67," ",Y82),Setzlisten!$A:$E,5,0) -> #N/A | AA82: =VLOOKUP(CONCATENATE($D69," ",Y82),Setzlisten!$A:$E,5,0) -> #N/A | AB82: 13
A83: Ende (End): | C83: Sieger: Winner | E83: =IF(S83="","",IF(S83>T83,D67,D69)) | I83: Ergebnis: Result | O83: =IF(O74="","",SUM(O74:O81)) | P83: =IF(P74="","",SUM(P74:P81)) | Q83: =IF(Q74="","",SUM(Q74:Q81)) | R83: =IF(R74="","",SUM(R74:R81)) | S83: =IF(S74="","",SUM(S74:S81)) | T83: =IF(T74="","",SUM(T74:T81)) | Y83: 14 | Z83: =VLOOKUP(CONCATENATE($D67," ",Y83),Setzlisten!$A:$E,5,0) -> #N/A | AA83: =VLOOKUP(CONCATENATE($D69," ",Y83),Setzlisten!$A:$E,5,0) -> #N/A | AB83: 14
A84: =A53 -> 0.64583333 | Y84: 15 | Z84: =VLOOKUP(CONCATENATE($D67," ",Y84),Setzlisten!$A:$E,5,0) -> #N/A | AA84: =VLOOKUP(CONCATENATE($D69," ",Y84),Setzlisten!$A:$E,5,0) -> #N/A | AB84: 15
D86: Besondere Vorkommnisse: Noteworthy Events
A88: Die Richtigkeit der Angaben wird bescheinigt. Das Spiel hat unter Beachtung der Spielordnung stattgefunden. The accuracy of the information is certified. The match took place in accordance with the League and Match Rules.
A89: =Allgemeines!$B$3 -> Hamburg | E89: =Allgemeines!$B$4 -> 46023
A91: Ort (Place) | E91: Datum (Date) | G91: Gruppenkoordinator:in | J91: Kapitän:in Heimverein | P91: Kapitän:in Gastverein
G92: Group Coordinator | J92: Captain Home Club | P92: Captain Guest Club
G93: =Allgemeines!$D$2 -> George Washington | J93: =IF(D67="","",VLOOKUP(D67,Allgemeines!$B$7:$D$12,3,0)) | P93: =IF(D69="","",VLOOKUP(D69,Allgemeines!$B$7:$D$12,3,0))

Sheet 5.Begegnung
A1: Queere Badminton Liga | F1: =IF(V12>V14,CONCATENATE("Achtung! Teamreihenfolge ",D5," nicht richtig! 1. und 2. Doppel tauschen."),IF(V14>V16,CONCATENATE("Achtung! Teamreihenfolge ",D5," nicht richtig! 2. und 3. Doppel tauschen."),IF(AND(V18>=V19,V19>0),CONCATENATE("Achtung! Teamreihenfolge ",D5," nicht richtig! Beide Einzel tauschen."),IF(W12>W14,CONCATENATE("Achtung! Teamreihenfolge ",D7," nicht richtig! 1. und 2. Doppel tauschen."),IF(W14>W16,CONCATENATE("Achtung! Teamreihenfolge ",D7," nicht richtig! 2. und 3. Doppel tauschen."),IF(AND(W18>=W19,W19>0),CONCATENATE("Achtung! Teamreihenfolge ",D7," nicht richtig! Beide Einzel tauschen."),""))))))
A2: Spielberichtsbogen
A3: Match Report Sheet
A5: Heimteam: | L5: Gruppe: | M5: =Gruppe -> II
C6: Home team | L6: Group
A7: Gastteam: | J7: Austragungsort: | M7: =Austragungsort -> Sporthalle Berlin | Y7: Heimteam | AA7: Gastteam | AD7: Text für meinspielplan.de
C8: Guest team | L8: Venue | Y8: 1 | Z8: =VLOOKUP(CONCATENATE($D5," ",Y8),Setzlisten!$A:$E,5,0) -> #N/A | AA8: =VLOOKUP(CONCATENATE($D7," ",Y8),Setzlisten!$A:$E,5,0) -> #N/A | AB8: 1 | AD8: =CONCATENATE(A12,": ",D12," mit ",D13," - ",G12," mit ",G13,", ",I12,":",J12,", ",K12,":",L12,IF(M12="","",CONCATENATE(", ",M12,":",N12)),CHAR(10),A14,": ",D14," mit ",D15," - ",G14," mit ",G15,", ",I14,":",J14,", ",K14,":",L14,IF(M14="","",CONCATENATE(", ",M14,":",N14)),CHAR(10),A16,": ",D16," mit ",D17," - ",G16," mit ",G17,", ",I16,":",J16,", ",K16,":",L16,IF(M16="","",CONCATENATE(", ",M16,":",N16)),CHAR(10),A18,": ",D18," - ",G18,", ",I18,":",J18,", ",K18,":",L18,IF(M18="","",CONCATENATE(", ",M18,":",N18)),CHAR(10),A19,": ",D19," - ",G19,", ",I19,":",J19,", ",K19,":",L19,IF(M19="","",CONCATENATE(", ",M19,":",N19))) -> 1. Doppel 1st Doubles: mit - mit , :, : 2. Doppel 2nd Doubles: mit - mit , :, : 3. Doppel 3rd Doubles: mit - mit , :, : 1. Einzel 1st Singles: - , :, : 2. Einzel 2nd Singles: - , :, :
A9: Beginn: (Start) | C9: RL-Pos. | D9: Heimteam Home team | F9: RL-Pos. | G9: Gastteam Guest team | I9: 1. Satz 1st Game | K9: 2. Satz 2nd Game | M9: 3. Satz 3rd Game | O9: Punkte (Points) | Q9: Sätze (Games) | S9: Spiele (Matches) | V9: RL-Pos. Heim-team | W9: RL-Pos. Gast-team | Y9: 2 | Z9: =VLOOKUP(CONCATENATE($D5," ",Y9),Setzlisten!$A:$E,5,0) -> #N/A | AA9: =VLOOKUP(CONCATENATE($D7," ",Y9),Setzlisten!$A:$E,5,0) -> #N/A | AB9: 2
A10: =Allgemeines!G6 -> 0.64583333 | O10: Heim Home | P10: Gast Guest | Q10: Heim Home | R10: Gast Guest | S10: Heim Home | T10: Gast Guest | Y10: 3 | Z10: =VLOOKUP(CONCATENATE($D5," ",Y10),Setzlisten!$A:$E,5,0) -> #N/A | AA10: =VLOOKUP(CONCATENATE($D7," ",Y10),Setzlisten!$A:$E,5,0) -> #N/A | AB10: 3
Y11: 4 | Z11: =VLOOKUP(CONCATENATE($D5," ",Y11),Setzlisten!$A:$E,5,0) -> #N/A | AA11: =VLOOKUP(CONCATENATE($D7," ",Y11),Setzlisten!$A:$E,5,0) -> #N/A | AB11: 4
A12: 1. Doppel 1st Doubles | C12: =IF(D12="",0,VLOOKUP(D12,$Z8:$AB22,3,0)) -> 0 | F12: =IF(G12="",0,VLOOKUP(G12,$AA8:$AB22,2,0)) -> 0 | O12: =IF(I12="","",SUM(I12,K12,M12)) | P12: =IF(J12="","",SUM(J12,L12,N12)) | Q12: =IF(I12="","",IF(I12>J12,1,0)+IF(K12>L12,1,0)+IF(M12="",0,IF(M12>N12,1,0))) | R12: =IF(I12="","",IF(J12>I12,1,0)+IF(L12>K12,1,0)+IF(M12="",0,IF(N12>M12,1,0))) | S12: =IF(I12="","",IF(Q12>R12,1,0)) | T12: =IF(I12="","",IF(R12>Q12,1,0)) | V12: =C12+C13 -> 0 | W12: =F12+F13 -> 0 | Y12: 5 | Z12: =VLOOKUP(CONCATENATE($D5," ",Y12),Setzlisten!$A:$E,5,0) -> #N/A | AA12: =VLOOKUP(CONCATENATE($D7," ",Y12),Setzlisten!$A:$E,5,0) -> #N/A | AB12: 5
C13: =IF(D13="",0,VLOOKUP(D13,$Z8:$AB22,3,0)) -> 0 | F13: =IF(G13="",0,VLOOKUP(G13,$AA8:$AB22,2,0)) -> 0 | Y13: 6 | Z13: =VLOOKUP(CONCATENATE($D5," ",Y13),Setzlisten!$A:$E,5,0) -> #N/A | AA13: =VLOOKUP(CONCATENATE($D7," ",Y13),Setzlisten!$A:$E,5,0) -> #N/A | AB13: 6
A14: 2. Doppel 2nd Doubles | C14: =IF(D14="",0,VLOOKUP(D14,$Z8:$AB22,3,0)) -> 0 | F14: =IF(G14="",0,VLOOKUP(G14,$AA8:$AB22,2,0)) -> 0 | O14: =IF(I14="","",SUM(I14,K14,M14)) | P14: =IF(J14="","",SUM(J14,L14,N14)) | Q14: =IF(I14="","",IF(I14>J14,1,0)+IF(K14>L14,1,0)+IF(M14="",0,IF(M14>N14,1,0))) | R14: =IF(I14="","",IF(J14>I14,1,0)+IF(L14>K14,1,0)+IF(M14="",0,IF(N14>M14,1,0))) | S14: =IF(I14="","",IF(Q14>R14,1,0)) | T14: =IF(I14="","",IF(R14>Q14,1,0)) | V14: =C14+C15 -> 0 | W14: =F14+F15 -> 0 | Y14: 7 | Z14: =VLOOKUP(CONCATENATE($D5," ",Y14),Setzlisten!$A:$E,5,0) -> #N/A | AA14: =VLOOKUP(CONCATENATE($D7," ",Y14),Setzlisten!$A:$E,5,0) -> #N/A | AB14: 7 | AD14: ↑ Zelle kopieren ↓ nur "Werte" unten einfügen
C15: =IF(D15="",0,VLOOKUP(D15,$Z8:$AB22,3,0)) -> 0 | F15: =IF(G15="",0,VLOOKUP(G15,$AA8:$AB22,2,0)) -> 0 | Y15: 8 | Z15: =VLOOKUP(CONCATENATE($D5," ",Y15),Setzlisten!$A:$E,5,0) -> #N/A | AA15: =VLOOKUP(CONCATENATE($D7," ",Y15),Setzlisten!$A:$E,5,0) -> #N/A | AB15: 8
A16: 3. Doppel 3rd Doubles | C16: =IF(D16="",0,VLOOKUP(D16,$Z8:$AB22,3,0)) -> 0 | F16: =IF(G16="",0,VLOOKUP(G16,$AA8:$AB22,2,0)) -> 0 | O16: =IF(I16="","",SUM(I16,K16,M16)) | P16: =IF(J16="","",SUM(J16,L16,N16)) | Q16: =IF(I16="","",IF(I16>J16,1,0)+IF(K16>L16,1,0)+IF(M16="",0,IF(M16>N16,1,0))) | R16: =IF(I16="","",IF(J16>I16,1,0)+IF(L16>K16,1,0)+IF(M16="",0,IF(N16>M16,1,0))) | S16: =IF(I16="","",IF(Q16>R16,1,0)) | T16: =IF(I16="","",IF(R16>Q16,1,0)) | V16: =C16+C17 -> 0 | W16: =F16+F17 -> 0 | Y16: 9 | Z16: =VLOOKUP(CONCATENATE($D5," ",Y16),Setzlisten!$A:$E,5,0) -> #N/A | AA16: =VLOOKUP(CONCATENATE($D7," ",Y16),Setzlisten!$A:$E,5,0) -> #N/A | AB16: 9
C17: =IF(D17="",0,VLOOKUP(D17,$Z8:$AB22,3,0)) -> 0 | F17: =IF(G17="",0,VLOOKUP(G17,$AA8:$AB22,2,0)) -> 0 | Y17: 10 | Z17: =VLOOKUP(CONCATENATE($D5," ",Y17),Setzlisten!$A:$E,5,0) -> #N/A | AA17: =VLOOKUP(CONCATENATE($D7," ",Y17),Setzlisten!$A:$E,5,0) -> #N/A | AB17: 10
A18: 1. Einzel 1st Singles | C18: =IF(D18="",0,VLOOKUP(D18,$Z8:$AB22,3,0)) -> 0 | F18: =IF(G18="",0,VLOOKUP(G18,$AA8:$AB22,2,0)) -> 0 | O18: =IF(I18="","",SUM(I18,K18,M18)) | P18: =IF(J18="","",SUM(J18,L18,N18)) | Q18: =IF(I18="","",IF(I18>J18,1,0)+IF(K18>L18,1,0)+IF(M18="",0,IF(M18>N18,1,0))) | R18: =IF(I18="","",IF(J18>I18,1,0)+IF(L18>K18,1,0)+IF(M18="",0,IF(N18>M18,1,0))) | S18: =IF(I18="","",IF(Q18>R18,1,0)) | T18: =IF(I18="","",IF(R18>Q18,1,0)) | V18: =C18 -> 0 | W18: =F18 -> 0 | Y18: 11 | Z18: =VLOOKUP(CONCATENATE($D5," ",Y18),Setzlisten!$A:$E,5,0) -> #N/A | AA18: =VLOOKUP(CONCATENATE($D7," ",Y18),Setzlisten!$A:$E,5,0) -> #N/A | AB18: 11
A19: 2. Einzel 2nd Singles | C19: =IF(D19="",0,VLOOKUP(D19,$Z8:$AB22,3,0)) -> 0 | F19: =IF(G19="",0,VLOOKUP(G19,$AA8:$AB22,2,0)) -> 0 | O19: =IF(I19="","",SUM(I19,K19,M19)) | P19: =IF(J19="","",SUM(J19,L19,N19)) | Q19: =IF(I19="","",IF(I19>J19,1,0)+IF(K19>L19,1,0)+IF(M19="",0,IF(M19>N19,1,0))) | R19: =IF(I19="","",IF(J19>I19,1,0)+IF(L19>K19,1,0)+IF(M19="",0,IF(N19>M19,1,0))) | S19: =IF(I19="","",IF(Q19>R19,1,0)) | T19: =IF(I19="","",IF(R19>Q19,1,0)) | V19: =C19 -> 0 | W19: =F19 -> 0 | Y19: 12 | Z19: =VLOOKUP(CONCATENATE($D5," ",Y19),Setzlisten!$A:$E,5,0) -> #N/A | AA19: =VLOOKUP(CONCATENATE($D7," ",Y19),Setzlisten!$A:$E,5,0) -> #N/A | AB19: 12
Y20: 13 | Z20: =VLOOKUP(CONCATENATE($D5," ",Y20),Setzlisten!$A:$E,5,0) -> #N/A | AA20: =VLOOKUP(CONCATENATE($D7," ",Y20),Setzlisten!$A:$E,5,0) -> #N/A | AB20: 13
A21: Ende (End): | C21: Sieger: Winner | E21: =IF(S21="","",IF(S21>T21,D5,D7)) | I21: Ergebnis: Result | O21: =IF(O12="","",SUM(O12:O19)) | P21: =IF(P12="","",SUM(P12:P19)) | Q21: =IF(Q12="","",SUM(Q12:Q19)) | R21: =IF(R12="","",SUM(R12:R19)) | S21: =IF(S12="","",SUM(S12:S19)) | T21: =IF(T12="","",SUM(T12:T19)) | Y21: 14 | Z21: =VLOOKUP(CONCATENATE($D5," ",Y21),Setzlisten!$A:$E,5,0) -> #N/A | AA21: =VLOOKUP(CONCATENATE($D7," ",Y21),Setzlisten!$A:$E,5,0) -> #N/A | AB21: 14
A22: =Allgemeines!H6 -> 0.70833333 | Y22: 15 | Z22: =VLOOKUP(CONCATENATE($D5," ",Y22),Setzlisten!$A:$E,5,0) -> #N/A | AA22: =VLOOKUP(CONCATENATE($D7," ",Y22),Setzlisten!$A:$E,5,0) -> #N/A | AB22: 15
D24: Besondere Vorkommnisse: Noteworthy Events
A26: Die Richtigkeit der Angaben wird bescheinigt. Das Spiel hat unter Beachtung der Spielordnung stattgefunden. The accuracy of the information is certified. The match took place in accordance with the League and Match Rules.
A27: =Allgemeines!$B$3 -> Hamburg | E27: =Allgemeines!$B$4 -> 46023
A29: Ort (Place) | E29: Datum (Date) | G29: Gruppenkoordinator:in | J29: Kapitän:in Heimverein | P29: Kapitän:in Gastverein
G30: Group Coordinator | J30: Captain Home Club | P30: Captain Guest Club
G31: =Allgemeines!$D$2 -> George Washington | J31: =IF(D5="","",VLOOKUP(D5,Allgemeines!$B$7:$D$12,3,0)) | P31: =IF(D7="","",VLOOKUP(D7,Allgemeines!$B$7:$D$12,3,0))
A32: Queere Badminton Liga | F32: =IF(V43>V45,CONCATENATE("Achtung! Teamreihenfolge ",D36," nicht richtig! 1. und 2. Doppel tauschen."),IF(V45>V47,CONCATENATE("Achtung! Teamreihenfolge ",D36," nicht richtig! 2. und 3. Doppel tauschen."),IF(AND(V49>=V50,V50>0),CONCATENATE("Achtung! Teamreihenfolge ",D36," nicht richtig! Beide Einzel tauschen."),IF(W43>W45,CONCATENATE("Achtung! Teamreihenfolge ",D38," nicht richtig! 1. und 2. Doppel tauschen."),IF(W45>W47,CONCATENATE("Achtung! Teamreihenfolge ",D38," nicht richtig! 2. und 3. Doppel tauschen."),IF(AND(W49>=W50,W50>0),CONCATENATE("Achtung! Teamreihenfolge ",D38," nicht richtig! Beide Einzel tauschen."),""))))))
A33: Spielberichtsbogen
A34: Match Report Sheet
A36: Heimteam: | L36: Gruppe: | M36: =Gruppe -> II
C37: Home team | L37: Group
A38: Gastteam: | J38: Austragungsort: | M38: =Austragungsort -> Sporthalle Berlin | Y38: Heimteam | AA38: Gastteam | AD38: Text für meinspielplan.de
C39: Guest team | L39: Venue | Y39: 1 | Z39: =VLOOKUP(CONCATENATE($D36," ",Y39),Setzlisten!$A:$E,5,0) -> #N/A | AA39: =VLOOKUP(CONCATENATE($D38," ",Y39),Setzlisten!$A:$E,5,0) -> #N/A | AB39: 1 | AD39: =CONCATENATE(A43,": ",D43," mit ",D44," - ",G43," mit ",G44,", ",I43,":",J43,", ",K43,":",L43,IF(M43="","",CONCATENATE(", ",M43,":",N43)),CHAR(10),A45,": ",D45," mit ",D46," - ",G45," mit ",G46,", ",I45,":",J45,", ",K45,":",L45,IF(M45="","",CONCATENATE(", ",M45,":",N45)),CHAR(10),A47,": ",D47," mit ",D48," - ",G47," mit ",G48,", ",I47,":",J47,", ",K47,":",L47,IF(M47="","",CONCATENATE(", ",M47,":",N47)),CHAR(10),A49,": ",D49," - ",G49,", ",I49,":",J49,", ",K49,":",L49,IF(M49="","",CONCATENATE(", ",M49,":",N49)),CHAR(10),A50,": ",D50," - ",G50,", ",I50,":",J50,", ",K50,":",L50,IF(M50="","",CONCATENATE(", ",M50,":",N50))) -> 1. Doppel 1st Doubles: mit - mit , :, : 2. Doppel 2nd Doubles: mit - mit , :, : 3. Doppel 3rd Doubles: mit - mit , :, : 1. Einzel 1st Singles: - , :, : 2. Einzel 2nd Singles: - , :, :
A40: Beginn: (Start) | C40: RL-Pos. | D40: Heimteam Home team | F40: RL-Pos. | G40: Gastteam Guest team | I40: 1. Satz 1st Game | K40: 2. Satz 2nd Game | M40: 3. Satz 3rd Game | O40: Punkte (Points) | Q40: Sätze (Games) | S40: Spiele (Matches) | V40: RL-Pos. Heim-team | W40: RL-Pos. Gast-team | Y40: 2 | Z40: =VLOOKUP(CONCATENATE($D36," ",Y40),Setzlisten!$A:$E,5,0) -> #N/A | AA40: =VLOOKUP(CONCATENATE($D38," ",Y40),Setzlisten!$A:$E,5,0) -> #N/A | AB40: 2
A41: =A10 -> 0.64583333 | O41: Heim Home | P41: Gast Guest | Q41: Heim Home | R41: Gast Guest | S41: Heim Home | T41: Gast Guest | Y41: 3 | Z41: =VLOOKUP(CONCATENATE($D36," ",Y41),Setzlisten!$A:$E,5,0) -> #N/A | AA41: =VLOOKUP(CONCATENATE($D38," ",Y41),Setzlisten!$A:$E,5,0) -> #N/A | AB41: 3
Y42: 4 | Z42: =VLOOKUP(CONCATENATE($D36," ",Y42),Setzlisten!$A:$E,5,0) -> #N/A | AA42: =VLOOKUP(CONCATENATE($D38," ",Y42),Setzlisten!$A:$E,5,0) -> #N/A | AB42: 4
A43: 1. Doppel 1st Doubles | C43: =IF(D43="",0,VLOOKUP(D43,$Z39:$AB53,3,0)) -> 0 | F43: =IF(G43="",0,VLOOKUP(G43,$AA39:$AB53,2,0)) -> 0 | O43: =IF(I43="","",SUM(I43,K43,M43)) | P43: =IF(J43="","",SUM(J43,L43,N43)) | Q43: =IF(I43="","",IF(I43>J43,1,0)+IF(K43>L43,1,0)+IF(M43="",0,IF(M43>N43,1,0))) | R43: =IF(I43="","",IF(J43>I43,1,0)+IF(L43>K43,1,0)+IF(M43="",0,IF(N43>M43,1,0))) | S43: =IF(I43="","",IF(Q43>R43,1,0)) | T43: =IF(I43="","",IF(R43>Q43,1,0)) | V43: =C43+C44 -> 0 | W43: =F43+F44 -> 0 | Y43: 5 | Z43: =VLOOKUP(CONCATENATE($D36," ",Y43),Setzlisten!$A:$E,5,0) -> #N/A | AA43: =VLOOKUP(CONCATENATE($D38," ",Y43),Setzlisten!$A:$E,5,0) -> #N/A | AB43: 5
C44: =IF(D44="",0,VLOOKUP(D44,$Z39:$AB53,3,0)) -> 0 | F44: =IF(G44="",0,VLOOKUP(G44,$AA39:$AB53,2,0)) -> 0 | Y44: 6 | Z44: =VLOOKUP(CONCATENATE($D36," ",Y44),Setzlisten!$A:$E,5,0) -> #N/A | AA44: =VLOOKUP(CONCATENATE($D38," ",Y44),Setzlisten!$A:$E,5,0) -> #N/A | AB44: 6
A45: 2. Doppel 2nd Doubles | C45: =IF(D45="",0,VLOOKUP(D45,$Z39:$AB53,3,0)) -> 0 | F45: =IF(G45="",0,VLOOKUP(G45,$AA39:$AB53,2,0)) -> 0 | O45: =IF(I45="","",SUM(I45,K45,M45)) | P45: =IF(J45="","",SUM(J45,L45,N45)) | Q45: =IF(I45="","",IF(I45>J45,1,0)+IF(K45>L45,1,0)+IF(M45="",0,IF(M45>N45,1,0))) | R45: =IF(I45="","",IF(J45>I45,1,0)+IF(L45>K45,1,0)+IF(M45="",0,IF(N45>M45,1,0))) | S45: =IF(I45="","",IF(Q45>R45,1,0)) | T45: =IF(I45="","",IF(R45>Q45,1,0)) | V45: =C45+C46 -> 0 | W45: =F45+F46 -> 0 | Y45: 7 | Z45: =VLOOKUP(CONCATENATE($D36," ",Y45),Setzlisten!$A:$E,5,0) -> #N/A | AA45: =VLOOKUP(CONCATENATE($D38," ",Y45),Setzlisten!$A:$E,5,0) -> #N/A | AB45: 7 | AD45: ↑ Zelle kopieren ↓ nur "Werte" unten einfügen
C46: =IF(D46="",0,VLOOKUP(D46,$Z39:$AB53,3,0)) -> 0 | F46: =IF(G46="",0,VLOOKUP(G46,$AA39:$AB53,2,0)) -> 0 | Y46: 8 | Z46: =VLOOKUP(CONCATENATE($D36," ",Y46),Setzlisten!$A:$E,5,0) -> #N/A | AA46: =VLOOKUP(CONCATENATE($D38," ",Y46),Setzlisten!$A:$E,5,0) -> #N/A | AB46: 8
A47: 3. Doppel 3rd Doubles | C47: =IF(D47="",0,VLOOKUP(D47,$Z39:$AB53,3,0)) -> 0 | F47: =IF(G47="",0,VLOOKUP(G47,$AA39:$AB53,2,0)) -> 0 | O47: =IF(I47="","",SUM(I47,K47,M47)) | P47: =IF(J47="","",SUM(J47,L47,N47)) | Q47: =IF(I47="","",IF(I47>J47,1,0)+IF(K47>L47,1,0)+IF(M47="",0,IF(M47>N47,1,0))) | R47: =IF(I47="","",IF(J47>I47,1,0)+IF(L47>K47,1,0)+IF(M47="",0,IF(N47>M47,1,0))) | S47: =IF(I47="","",IF(Q47>R47,1,0)) | T47: =IF(I47="","",IF(R47>Q47,1,0)) | V47: =C47+C48 -> 0 | W47: =F47+F48 -> 0 | Y47: 9 | Z47: =VLOOKUP(CONCATENATE($D36," ",Y47),Setzlisten!$A:$E,5,0) -> #N/A | AA47: =VLOOKUP(CONCATENATE($D38," ",Y47),Setzlisten!$A:$E,5,0) -> #N/A | AB47: 9
C48: =IF(D48="",0,VLOOKUP(D48,$Z39:$AB53,3,0)) -> 0 | F48: =IF(G48="",0,VLOOKUP(G48,$AA39:$AB53,2,0)) -> 0 | Y48: 10 | Z48: =VLOOKUP(CONCATENATE($D36," ",Y48),Setzlisten!$A:$E,5,0) -> #N/A | AA48: =VLOOKUP(CONCATENATE($D38," ",Y48),Setzlisten!$A:$E,5,0) -> #N/A | AB48: 10
A49: 1. Einzel 1st Singles | C49: =IF(D49="",0,VLOOKUP(D49,$Z39:$AB53,3,0)) -> 0 | F49: =IF(G49="",0,VLOOKUP(G49,$AA39:$AB53,2,0)) -> 0 | O49: =IF(I49="","",SUM(I49,K49,M49)) | P49: =IF(J49="","",SUM(J49,L49,N49)) | Q49: =IF(I49="","",IF(I49>J49,1,0)+IF(K49>L49,1,0)+IF(M49="",0,IF(M49>N49,1,0))) | R49: =IF(I49="","",IF(J49>I49,1,0)+IF(L49>K49,1,0)+IF(M49="",0,IF(N49>M49,1,0))) | S49: =IF(I49="","",IF(Q49>R49,1,0)) | T49: =IF(I49="","",IF(R49>Q49,1,0)) | V49: =C49 -> 0 | W49: =F49 -> 0 | Y49: 11 | Z49: =VLOOKUP(CONCATENATE($D36," ",Y49),Setzlisten!$A:$E,5,0) -> #N/A | AA49: =VLOOKUP(CONCATENATE($D38," ",Y49),Setzlisten!$A:$E,5,0) -> #N/A | AB49: 11
A50: 2. Einzel 2nd Singles | C50: =IF(D50="",0,VLOOKUP(D50,$Z39:$AB53,3,0)) -> 0 | F50: =IF(G50="",0,VLOOKUP(G50,$AA39:$AB53,2,0)) -> 0 | O50: =IF(I50="","",SUM(I50,K50,M50)) | P50: =IF(J50="","",SUM(J50,L50,N50)) | Q50: =IF(I50="","",IF(I50>J50,1,0)+IF(K50>L50,1,0)+IF(M50="",0,IF(M50>N50,1,0))) | R50: =IF(I50="","",IF(J50>I50,1,0)+IF(L50>K50,1,0)+IF(M50="",0,IF(N50>M50,1,0))) | S50: =IF(I50="","",IF(Q50>R50,1,0)) | T50: =IF(I50="","",IF(R50>Q50,1,0)) | V50: =C50 -> 0 | W50: =F50 -> 0 | Y50: 12 | Z50: =VLOOKUP(CONCATENATE($D36," ",Y50),Setzlisten!$A:$E,5,0) -> #N/A | AA50: =VLOOKUP(CONCATENATE($D38," ",Y50),Setzlisten!$A:$E,5,0) -> #N/A | AB50: 12
Y51: 13 | Z51: =VLOOKUP(CONCATENATE($D36," ",Y51),Setzlisten!$A:$E,5,0) -> #N/A | AA51: =VLOOKUP(CONCATENATE($D38," ",Y51),Setzlisten!$A:$E,5,0) -> #N/A | AB51: 13
A52: Ende (End): | C52: Sieger: Winner | E52: =IF(S52="","",IF(S52>T52,D36,D38)) | I52: Ergebnis: Result | O52: =IF(O43="","",SUM(O43:O50)) | P52: =IF(P43="","",SUM(P43:P50)) | Q52: =IF(Q43="","",SUM(Q43:Q50)) | R52: =IF(R43="","",SUM(R43:R50)) | S52: =IF(S43="","",SUM(S43:S50)) | T52: =IF(T43="","",SUM(T43:T50)) | Y52: 14 | Z52: =VLOOKUP(CONCATENATE($D36," ",Y52),Setzlisten!$A:$E,5,0) -> #N/A | AA52: =VLOOKUP(CONCATENATE($D38," ",Y52),Setzlisten!$A:$E,5,0) -> #N/A | AB52: 14
A53: =A22 -> 0.70833333 | Y53: 15 | Z53: =VLOOKUP(CONCATENATE($D36," ",Y53),Setzlisten!$A:$E,5,0) -> #N/A | AA53: =VLOOKUP(CONCATENATE($D38," ",Y53),Setzlisten!$A:$E,5,0) -> #N/A | AB53: 15
D55: Besondere Vorkommnisse: Noteworthy Events
A57: Die Richtigkeit der Angaben wird bescheinigt. Das Spiel hat unter Beachtung der Spielordnung stattgefunden. The accuracy of the information is certified. The match took place in accordance with the League and Match Rules.
A58: =Allgemeines!$B$3 -> Hamburg | E58: =Allgemeines!$B$4 -> 46023
A60: Ort (Place) | E60: Datum (Date) | G60: Gruppenkoordinator:in | J60: Kapitän:in Heimverein | P60: Kapitän:in Gastverein
G61: Group Coordinator | J61: Captain Home Club | P61: Captain Guest Club
G62: =Allgemeines!$D$2 -> George Washington | J62: =IF(D36="","",VLOOKUP(D36,Allgemeines!$B$7:$D$12,3,0)) | P62: =IF(D38="","",VLOOKUP(D38,Allgemeines!$B$7:$D$12,3,0))
A63: Queere Badminton Liga | F63: =IF(V74>V76,CONCATENATE("Achtung! Teamreihenfolge ",D67," nicht richtig! 1. und 2. Doppel tauschen."),IF(V76>V78,CONCATENATE("Achtung! Teamreihenfolge ",D67," nicht richtig! 2. und 3. Doppel tauschen."),IF(AND(V80>=V81,V81>0),CONCATENATE("Achtung! Teamreihenfolge ",D67," nicht richtig! Beide Einzel tauschen."),IF(W74>W76,CONCATENATE("Achtung! Teamreihenfolge ",D69," nicht richtig! 1. und 2. Doppel tauschen."),IF(W76>W78,CONCATENATE("Achtung! Teamreihenfolge ",D69," nicht richtig! 2. und 3. Doppel tauschen."),IF(AND(W80>=W81,W81>0),CONCATENATE("Achtung! Teamreihenfolge ",D69," nicht richtig! Beide Einzel tauschen."),""))))))
A64: Spielberichtsbogen
A65: Match Report Sheet
A67: Heimteam: | L67: Gruppe: | M67: =Gruppe -> II
C68: Home team | L68: Group
A69: Gastteam: | J69: Austragungsort: | M69: =Austragungsort -> Sporthalle Berlin | Y69: Heimteam | AA69: Gastteam | AD69: Text für meinspielplan.de
C70: Guest team | L70: Venue | Y70: 1 | Z70: =VLOOKUP(CONCATENATE($D67," ",Y70),Setzlisten!$A:$E,5,0) -> #N/A | AA70: =VLOOKUP(CONCATENATE($D69," ",Y70),Setzlisten!$A:$E,5,0) -> #N/A | AB70: 1 | AD70: =CONCATENATE(A74,": ",D74," mit ",D75," - ",G74," mit ",G75,", ",I74,":",J74,", ",K74,":",L74,IF(M74="","",CONCATENATE(", ",M74,":",N74)),CHAR(10),A76,": ",D76," mit ",D77," - ",G76," mit ",G77,", ",I76,":",J76,", ",K76,":",L76,IF(M76="","",CONCATENATE(", ",M76,":",N76)),CHAR(10),A78,": ",D78," mit ",D79," - ",G78," mit ",G79,", ",I78,":",J78,", ",K78,":",L78,IF(M78="","",CONCATENATE(", ",M78,":",N78)),CHAR(10),A80,": ",D80," - ",G80,", ",I80,":",J80,", ",K80,":",L80,IF(M80="","",CONCATENATE(", ",M80,":",N80)),CHAR(10),A81,": ",D81," - ",G81,", ",I81,":",J81,", ",K81,":",L81,IF(M81="","",CONCATENATE(", ",M81,":",N81))) -> 1. Doppel 1st Doubles: mit - mit , :, : 2. Doppel 2nd Doubles: mit - mit , :, : 3. Doppel 3rd Doubles: mit - mit , :, : 1. Einzel 1st Singles: - , :, : 2. Einzel 2nd Singles: - , :, :
A71: Beginn: (Start) | C71: RL-Pos. | D71: Heimteam Home team | F71: RL-Pos. | G71: Gastteam Guest team | I71: 1. Satz 1st Game | K71: 2. Satz 2nd Game | M71: 3. Satz 3rd Game | O71: Punkte (Points) | Q71: Sätze (Games) | S71: Spiele (Matches) | V71: RL-Pos. Heim-team | W71: RL-Pos. Gast-team | Y71: 2 | Z71: =VLOOKUP(CONCATENATE($D67," ",Y71),Setzlisten!$A:$E,5,0) -> #N/A | AA71: =VLOOKUP(CONCATENATE($D69," ",Y71),Setzlisten!$A:$E,5,0) -> #N/A | AB71: 2
A72: =A41 -> 0.64583333 | O72: Heim Home | P72: Gast Guest | Q72: Heim Home | R72: Gast Guest | S72: Heim Home | T72: Gast Guest | Y72: 3 | Z72: =VLOOKUP(CONCATENATE($D67," ",Y72),Setzlisten!$A:$E,5,0) -> #N/A | AA72: =VLOOKUP(CONCATENATE($D69," ",Y72),Setzlisten!$A:$E,5,0) -> #N/A | AB72: 3
Y73: 4 | Z73: =VLOOKUP(CONCATENATE($D67," ",Y73),Setzlisten!$A:$E,5,0) -> #N/A | AA73: =VLOOKUP(CONCATENATE($D69," ",Y73),Setzlisten!$A:$E,5,0) -> #N/A | AB73: 4
A74: 1. Doppel 1st Doubles | C74: =IF(D74="",0,VLOOKUP(D74,$Z70:$AB84,3,0)) -> 0 | F74: =IF(G74="",0,VLOOKUP(G74,$AA70:$AB84,2,0)) -> 0 | O74: =IF(I74="","",SUM(I74,K74,M74)) | P74: =IF(J74="","",SUM(J74,L74,N74)) | Q74: =IF(I74="","",IF(I74>J74,1,0)+IF(K74>L74,1,0)+IF(M74="",0,IF(M74>N74,1,0))) | R74: =IF(I74="","",IF(J74>I74,1,0)+IF(L74>K74,1,0)+IF(M74="",0,IF(N74>M74,1,0))) | S74: =IF(I74="","",IF(Q74>R74,1,0)) | T74: =IF(I74="","",IF(R74>Q74,1,0)) | V74: =C74+C75 -> 0 | W74: =F74+F75 -> 0 | Y74: 5 | Z74: =VLOOKUP(CONCATENATE($D67," ",Y74),Setzlisten!$A:$E,5,0) -> #N/A | AA74: =VLOOKUP(CONCATENATE($D69," ",Y74),Setzlisten!$A:$E,5,0) -> #N/A | AB74: 5
C75: =IF(D75="",0,VLOOKUP(D75,$Z70:$AB84,3,0)) -> 0 | F75: =IF(G75="",0,VLOOKUP(G75,$AA70:$AB84,2,0)) -> 0 | Y75: 6 | Z75: =VLOOKUP(CONCATENATE($D67," ",Y75),Setzlisten!$A:$E,5,0) -> #N/A | AA75: =VLOOKUP(CONCATENATE($D69," ",Y75),Setzlisten!$A:$E,5,0) -> #N/A | AB75: 6
A76: 2. Doppel 2nd Doubles | C76: =IF(D76="",0,VLOOKUP(D76,$Z70:$AB84,3,0)) -> 0 | F76: =IF(G76="",0,VLOOKUP(G76,$AA70:$AB84,2,0)) -> 0 | O76: =IF(I76="","",SUM(I76,K76,M76)) | P76: =IF(J76="","",SUM(J76,L76,N76)) | Q76: =IF(I76="","",IF(I76>J76,1,0)+IF(K76>L76,1,0)+IF(M76="",0,IF(M76>N76,1,0))) | R76: =IF(I76="","",IF(J76>I76,1,0)+IF(L76>K76,1,0)+IF(M76="",0,IF(N76>M76,1,0))) | S76: =IF(I76="","",IF(Q76>R76,1,0)) | T76: =IF(I76="","",IF(R76>Q76,1,0)) | V76: =C76+C77 -> 0 | W76: =F76+F77 -> 0 | Y76: 7 | Z76: =VLOOKUP(CONCATENATE($D67," ",Y76),Setzlisten!$A:$E,5,0) -> #N/A | AA76: =VLOOKUP(CONCATENATE($D69," ",Y76),Setzlisten!$A:$E,5,0) -> #N/A | AB76: 7 | AD76: ↑ Zelle kopieren ↓ nur "Werte" unten einfügen
C77: =IF(D77="",0,VLOOKUP(D77,$Z70:$AB84,3,0)) -> 0 | F77: =IF(G77="",0,VLOOKUP(G77,$AA70:$AB84,2,0)) -> 0 | Y77: 8 | Z77: =VLOOKUP(CONCATENATE($D67," ",Y77),Setzlisten!$A:$E,5,0) -> #N/A | AA77: =VLOOKUP(CONCATENATE($D69," ",Y77),Setzlisten!$A:$E,5,0) -> #N/A | AB77: 8
A78: 3. Doppel 3rd Doubles | C78: =IF(D78="",0,VLOOKUP(D78,$Z70:$AB84,3,0)) -> 0 | F78: =IF(G78="",0,VLOOKUP(G78,$AA70:$AB84,2,0)) -> 0 | O78: =IF(I78="","",SUM(I78,K78,M78)) | P78: =IF(J78="","",SUM(J78,L78,N78)) | Q78: =IF(I78="","",IF(I78>J78,1,0)+IF(K78>L78,1,0)+IF(M78="",0,IF(M78>N78,1,0))) | R78: =IF(I78="","",IF(J78>I78,1,0)+IF(L78>K78,1,0)+IF(M78="",0,IF(N78>M78,1,0))) | S78: =IF(I78="","",IF(Q78>R78,1,0)) | T78: =IF(I78="","",IF(R78>Q78,1,0)) | V78: =C78+C79 -> 0 | W78: =F78+F79 -> 0 | Y78: 9 | Z78: =VLOOKUP(CONCATENATE($D67," ",Y78),Setzlisten!$A:$E,5,0) -> #N/A | AA78: =VLOOKUP(CONCATENATE($D69," ",Y78),Setzlisten!$A:$E,5,0) -> #N/A | AB78: 9
C79: =IF(D79="",0,VLOOKUP(D79,$Z70:$AB84,3,0)) -> 0 | F79: =IF(G79="",0,VLOOKUP(G79,$AA70:$AB84,2,0)) -> 0 | Y79: 10 | Z79: =VLOOKUP(CONCATENATE($D67," ",Y79),Setzlisten!$A:$E,5,0) -> #N/A | AA79: =VLOOKUP(CONCATENATE($D69," ",Y79),Setzlisten!$A:$E,5,0) -> #N/A | AB79: 10
A80: 1. Einzel 1st Singles | C80: =IF(D80="",0,VLOOKUP(D80,$Z70:$AB84,3,0)) -> 0 | F80: =IF(G80="",0,VLOOKUP(G80,$AA70:$AB84,2,0)) -> 0 | O80: =IF(I80="","",SUM(I80,K80,M80)) | P80: =IF(J80="","",SUM(J80,L80,N80)) | Q80: =IF(I80="","",IF(I80>J80,1,0)+IF(K80>L80,1,0)+IF(M80="",0,IF(M80>N80,1,0))) | R80: =IF(I80="","",IF(J80>I80,1,0)+IF(L80>K80,1,0)+IF(M80="",0,IF(N80>M80,1,0))) | S80: =IF(I80="","",IF(Q80>R80,1,0)) | T80: =IF(I80="","",IF(R80>Q80,1,0)) | V80: =C80 -> 0 | W80: =F80 -> 0 | Y80: 11 | Z80: =VLOOKUP(CONCATENATE($D67," ",Y80),Setzlisten!$A:$E,5,0) -> #N/A | AA80: =VLOOKUP(CONCATENATE($D69," ",Y80),Setzlisten!$A:$E,5,0) -> #N/A | AB80: 11
A81: 2. Einzel 2nd Singles | C81: =IF(D81="",0,VLOOKUP(D81,$Z70:$AB84,3,0)) -> 0 | F81: =IF(G81="",0,VLOOKUP(G81,$AA70:$AB84,2,0)) -> 0 | O81: =IF(I81="","",SUM(I81,K81,M81)) | P81: =IF(J81="","",SUM(J81,L81,N81)) | Q81: =IF(I81="","",IF(I81>J81,1,0)+IF(K81>L81,1,0)+IF(M81="",0,IF(M81>N81,1,0))) | R81: =IF(I81="","",IF(J81>I81,1,0)+IF(L81>K81,1,0)+IF(M81="",0,IF(N81>M81,1,0))) | S81: =IF(I81="","",IF(Q81>R81,1,0)) | T81: =IF(I81="","",IF(R81>Q81,1,0)) | V81: =C81 -> 0 | W81: =F81 -> 0 | Y81: 12 | Z81: =VLOOKUP(CONCATENATE($D67," ",Y81),Setzlisten!$A:$E,5,0) -> #N/A | AA81: =VLOOKUP(CONCATENATE($D69," ",Y81),Setzlisten!$A:$E,5,0) -> #N/A | AB81: 12
Y82: 13 | Z82: =VLOOKUP(CONCATENATE($D67," ",Y82),Setzlisten!$A:$E,5,0) -> #N/A | AA82: =VLOOKUP(CONCATENATE($D69," ",Y82),Setzlisten!$A:$E,5,0) -> #N/A | AB82: 13
A83: Ende (End): | C83: Sieger: Winner | E83: =IF(S83="","",IF(S83>T83,D67,D69)) | I83: Ergebnis: Result | O83: =IF(O74="","",SUM(O74:O81)) | P83: =IF(P74="","",SUM(P74:P81)) | Q83: =IF(Q74="","",SUM(Q74:Q81)) | R83: =IF(R74="","",SUM(R74:R81)) | S83: =IF(S74="","",SUM(S74:S81)) | T83: =IF(T74="","",SUM(T74:T81)) | Y83: 14 | Z83: =VLOOKUP(CONCATENATE($D67," ",Y83),Setzlisten!$A:$E,5,0) -> #N/A | AA83: =VLOOKUP(CONCATENATE($D69," ",Y83),Setzlisten!$A:$E,5,0) -> #N/A | AB83: 14
A84: =A53 -> 0.70833333 | Y84: 15 | Z84: =VLOOKUP(CONCATENATE($D67," ",Y84),Setzlisten!$A:$E,5,0) -> #N/A | AA84: =VLOOKUP(CONCATENATE($D69," ",Y84),Setzlisten!$A:$E,5,0) -> #N/A | AB84: 15
D86: Besondere Vorkommnisse: Noteworthy Events
A88: Die Richtigkeit der Angaben wird bescheinigt. Das Spiel hat unter Beachtung der Spielordnung stattgefunden. The accuracy of the information is certified. The match took place in accordance with the League and Match Rules.
A89: =Allgemeines!$B$3 -> Hamburg | E89: =Allgemeines!$B$4 -> 46023
A91: Ort (Place) | E91: Datum (Date) | G91: Gruppenkoordinator:in | J91: Kapitän:in Heimverein | P91: Kapitän:in Gastverein
G92: Group Coordinator | J92: Captain Home Club | P92: Captain Guest Club
G93: =Allgemeines!$D$2 -> George Washington | J93: =IF(D67="","",VLOOKUP(D67,Allgemeines!$B$7:$D$12,3,0)) | P93: =IF(D69="","",VLOOKUP(D69,Allgemeines!$B$7:$D$12,3,0))

Sheet Vorlage
A1: Queere Badminton Liga
A2: Spielberichtsbogen
A3: Match Report Sheet
A5: Heimteam: | L5: Gruppe:
C6: Home team | L6: Group
A7: Gastteam: | J7: Austragungsort:
C8: Guest team | L8: Venue
A9: Beginn: | C9: RL-Pos. | D9: Heimteam Home team | F9: RL-Pos. | G9: Gastteam Guest team | I9: 1. Satz 1st Game | K9: 2. Satz 2nd Game | M9: 3. Satz 3rd Game | O9: Punkte (Points) | Q9: Sätze (Games) | S9: Spiele (Matches)
A10: Start | O10: Heim Home | P10: Gast Guest | Q10: Heim Home | R10: Gast Guest | S10: Heim Home | T10: Gast Guest
A12: 1. Doppel 1st Doubles
A14: 2. Doppel 2nd Doubles
A16: 3. Doppel 3rd Doubles
A18: 1. Einzel 1st Singles
A19: 2. Einzel 2nd Singles
A21: Ende (End): | C21: Sieger: Winner | I21: Ergebnis: Result
D24: Besondere Vorkommnisse: Noteworthy Events
A26: Die Richtigkeit der Angaben wird bescheinigt. Das Spiel hat unter Beachtung der Spielordnung stattgefunden. The accuracy of the information is certified. The match took place in accordance with the League and Match Rules.
A29: Ort (Place) | E29: Datum (Date) | G29: Gruppenkoordinator:in | J29: Kapitän:in Heimverein | P29: Kapitän:in Gastverein
G30: Group Coordinator | J30: Captain Home Club | P30: Captain Guest Club
